Company,ISIN,Market,Compartment,Country,Ticker_
2CRSI,FR0013341781,Euronext Growth Paris,Euronext Growth,France,AL2SI
5TH PLANET GAMES,DK0060945467,Oslo Bors,Compartment C,Denmark,5PG
74SOFTWARE,FR0011040500,Euronext Paris,Compartment B,France,74SW
A.B.P. NOCIVELLI,IT0005439861,Euronext Growth Milan,Euronext Growth,Italy,ABP
AASEN SPAREBANK,NO0010672181,Euronext Growth Oslo,Euronext Growth,Norway,AASB
AATECH,IT0005548521,Euronext Growth Milan,Euronext Growth,Italy,AAT
AB SCIENCE,FR0010557264,Euronext Paris,Compartment B,France,AB
ABC ARBITRAGE,FR0004040608,Euronext Paris,Compartment B,France,ABCA
ABC COMPANY,IT0005466294,Euronext Growth Milan,Euronext Growth,Italy,ABC
ABEO,FR0013185857,Euronext Paris,Compartment C,France,ABEO
ABG SUNDAL COLLIER HOLDING,NO0003021909,Oslo Bors,Compartment B,Norway,ABG
ABIONYX PHARMA,FR0012616852,Euronext Paris,Compartment C,France,ABNX
ABITARE IN,FR0012616852,Euronext Milan,Compartment C,Italy,ABNX
ABIVAX,FR0012333284,Euronext Paris,Compartment B,France,ABVX
ABL Diagnostics,FR001400AHX6,Euronext Paris,Compartment B,France,ABLD
ABL GROUP ASA,NO0010715394,Oslo Bors,Compartment C,Norway,ABL
ABO GROUP ENVIRONMENT,BE0974278104,Euronext Brussels,Compartment C,Belgium,ABO1EUR
ACCENTIS,BE0003696102,Euronext Brussels,Compartment C,Belgium,ACCB
Acheter-Louer.fr,FR001400SOY2,Euronext Growth Paris,Euronext Growth,France,ALALO
ACINQUE,IT0001382024,Euronext Milan,Compartment B,Italy,AC5
ACOMO N.V.,NL0000313286,Euronext Amsterdam,Compartment B,Netherlands,ACOMO
ACQUAZZURRA,IT0005443061,Euronext Growth Milan,Euronext Growth,Italy,ACQ
ACTEOS,FR0000076861,Euronext Paris,Compartment C,France,EOS
ACTIA GROUP S.A.,FR0000076655,Euronext Growth Paris,Euronext Growth,France,ALATI
ACTIVIUM GROUP,FR0010979377,Euronext Access Paris,Euronext Access,France,MLACT
ADEC INNOVATIONS,NL0015002K91,Euronext Access Brussels,Euronext Access,Netherlands,MLADE
ADEUNIS,FR0013284627,Euronext Growth Paris,Euronext Growth,France,ALARF
ADOCIA,FR0011184241,Euronext Paris,Compartment C,France,ADOC
ADOMOS,FR001400UT31,Euronext Growth Paris,Euronext Growth,France,ALADO
ADS MARITIME HOLDING PLC,CY0108052115,Euronext Growth Oslo,Euronext Growth,Cyprus,ADS
ADUX,FR0012821890,Euronext Growth Paris,Euronext Growth,France,HJMA
ADVENTURE,IT0005607715,Euronext Growth Milan,Euronext Growth,Italy,ADV
ADVICENNE,FR0013296746,Euronext Growth Paris,Euronext Growth,France,ALDVI
ADVINI,FR0000053043,Euronext Growth Paris,Euronext Growth,France,ALAVI
AEDES,IT0005349052,Euronext Milan,Compartment C,Italy,AEDES
AEFFE,IT0001384590,Euronext Milan,Compartment C,Italy,AEF
AELIS FARMA,FR0014007ZB4,Euronext Paris,Compartment B,France,AELIS
AEROPORTO GUGLIELMO MARCONI DI BOLOGNA,IT0001006128,Euronext Milan,Compartment B,Italy,ADB
AF GRUPPEN,NO0003078107,Oslo Bors,Compartment A,Norway,AFG
AFFLUENT MEDICAL,FR0013333077,Euronext Paris,Compartment C,France,AFME
AFYREN,FR0014005AC9,Euronext Growth Paris,Euronext Growth,France,ALAFY
AG3I,FR0011908045,Euronext Access Paris,Euronext Access,France,MLAGI
AGFA-GEVAERT,BE0003755692,Euronext Brussels,Compartment B,Belgium,AGE
AGILYX ASA,NO0010872468,Oslo Bors,Compartment B,Norway,AGLX
AGRIPOWER,FR0013452281,Euronext Growth Paris,Euronext Growth,France,ALAGP
AgroGeneration,FR0010641449,Euronext Growth Paris,Euronext Growth,France,ALAGR
AIRTHINGS,NO0010895568,Oslo Bors,Compartment C,Norway,AIRX
AJAX,NL0000018034,Euronext Amsterdam,Compartment B,Netherlands,AJXA
AKASTOR,NO0010215684,Oslo Bors,Compartment B,Norway,AKAST
AKER BIOMARINE ASA,NO0010886625,Oslo Bors,Compartment B,Norway,AKBM
AKER CARBON CAPTURE ASA,NO0010890304,Oslo Bors,Compartment B,Norway,ACC
AKER HORIZONS ASA,NO0010921232,Oslo Bors,Compartment B,Norway,AKH
AKER SOLUTIONS,NO0010716582,Oslo Bors,Compartment A,Norway,AKSO
AKOBO MINERALS AB (PUB),SE0015193412,Euronext Growth Oslo,Euronext Growth,Sweden,AKOBO
AKVA GROUP,NO0003097503,Oslo Bors,Compartment B,Norway,AKVA
AKWEL,FR0000053027,Euronext Paris,Compartment B,France,AKW
ALA,IT0005446700,Euronext Growth Milan,Euronext Growth,Italy,ALA
ALAN ALLMAN ASSOCIATES,FR0000062465,Euronext Paris,Compartment B,France,AAA
ALCHIMIE SA,FR0014000JX7,Euronext Growth Paris,Euronext Growth,France,ALCHI
ALERION,IT0004720733,Euronext Milan,Compartment A,Italy,ARN
ALFEN,NL0012817175,Euronext Amsterdam,Compartment B,Netherlands,ALFEN
ALFIO BARDOLLA,IT0005244030,Euronext Growth Milan,Euronext Growth,Italy,ABTG
ALFONSINO,IT0005466039,Euronext Growth Milan,Euronext Growth,Italy,ALFO
ALLCORE,IT0005461303,Euronext Growth Milan,Euronext Growth,Italy,CORE
ALMAWAVE,IT0005434615,Euronext Growth Milan,Euronext Growth,Italy,AIW
Almunda Professional N.V.,NL0010696704,Euronext Amsterdam,Compartment C,Netherlands,AMUND
ALPES (COMPAGNIE),FR0000053324,Euronext Paris,Compartment B,France,CDA
ALTAMIR,FR0000053837,Euronext Paris,Compartment B,France,LTA
ALTAREIT,FR0000039216,Euronext Paris,Compartment B,France,AREIT
ALTEA GREEN POWER,IT0005472730,Euronext Milan,Compartment C,Italy,AGP
ALTERNUS ENERGY GROUP PLC,IE00BLRPRP89,Euronext Growth Oslo,Euronext Growth,Ireland,ALT
ALTHEORA,FR0000061244,Euronext Growth Paris,Euronext Growth,France,ALORA
ALTRI SGPS,PTALT0AE0002,Euronext Lisbon,Compartment B,Portugal,ALTR
ALUMEXX N.V.,NL0012194724,Euronext Amsterdam,Compartment C,Netherlands,NE8F
ALVEEN,FR0013253812,Euronext Access Paris,Euronext Access,France,MLALV
AMATHEON AGRI HOLDING N.V.,NL0010273694,Euronext Access Paris,Euronext Access,Netherlands,MLAAH
AMBROMOBILIARE,IT0004779515,Euronext Growth Milan,Euronext Growth,Italy,AMB
AMG Critical Materials N.V.,NL0000888691,Euronext Amsterdam,Compartment B,Netherlands,ADG
AMOEBA,FR0011051598,Euronext Growth Paris,Euronext Growth,France,ALMIB
AMPLITUDE SURGICAL,FR0012789667,Euronext Paris,Compartment B,France,AMPLI
AMSC ASA,NO0010272065,Oslo Bors,Compartment B,Norway,AMSC
ANDFJORD SALMON GROUP AS,NO0010829765,Euronext Growth Oslo,Euronext Growth,Norway,ANDF
"ANDINO INVERSIONES GLOBAL, S.A.",ES0105744009,Euronext Access Paris,Euronext Access,Spain,MLAIG
ANIMA HOLDING,IT0004998065,Euronext Milan,Compartment A,Italy,ANIM
ANTARES VISION,IT0005366601,Euronext Milan,Compartment B,Italy,AV
ANTIN INFRA PARTN,FR0014005AL0,Euronext Paris,Compartment A,France,ANTIN
APERAM,LU0569974404,Euronext Amsterdam,Compartment A,Luxembourg,APAM
AQUA BIO TECHNOLOGY,NO0010307135,Oslo Bors,Compartment C,Norway,ABT1
AQUAFIL,IT0005241192,Euronext Milan,Compartment C,Italy,ECNL
AQUILA,FR0010340711,Euronext Growth Paris,Euronext Growth,France,ALAQU
ARAMIS GROUP,FR0014003U94,Euronext Paris,Compartment B,France,ARAMI
ARCHOS,FR001400KO61,Euronext Growth Paris,Euronext Growth,France,ALJXR
ARCTIC BIOSCIENCE AS,NO0010859580,Euronext Growth Oslo,Euronext Growth,Norway,ABS
ARCTIC FISH HOLDING AS,NO0010917719,Euronext Growth Oslo,Euronext Growth,Norway,AFISH
ARCTICZYMES TECHNOLOGIES,NO0010014632,Oslo Bors,Compartment B,Norway,AZT
ARCURE,FR0013398997,Euronext Growth Paris,Euronext Growth,France,ALCUR
ARDOIN ST AMAND A,FR0005057635,Euronext Access Paris,Euronext Access,France,MLARD
ARENDALS FOSSEKOMPANI,NO0003572802,Oslo Bors,Compartment B,Norway,AFK
ARISTON HOLDING,NL0015000N33,Euronext Milan,Compartment B,Netherlands,ARIS
ARRIBATEC GROUP ASA,NO0012861667,Oslo Bors,Compartment C,Norway,ARR
ARTEA,FR0012185536,Euronext Paris,Compartment C,France,ARTEP
ARTERRA BIOSCIENCE,IT0005386369,Euronext Growth Milan,Euronext Growth,Italy,ARBS
ARTMARKET.COM(EX ARTPRICE.COM),FR0000074783,Euronext Paris,Compartment C,France,AJP
ARTOIS NOM.,FR0000076952,Euronext Paris,Compartment A,France,ARTO
ARVERNE GROUP,FR001400JWR8,Euronext Paris,Compartment B,France,ARVEN
ASCOPIAVE,IT0004093263,Euronext Milan,Compartment B,Italy,ASC
ASHLER ET MANSON,FR0012968485,Euronext Access Paris,Euronext Access,France,MLAEM
ASSYSTEM,FR0000074148,Euronext Paris,Compartment B,France,BZ1
ATARI S.A.,FR0010478248,Euronext Growth Paris,Euronext Growth,France,ALATA
ATEA,NO0004822503,Oslo Bors,Compartment A,Norway,ATEA
ATEME,FR0011992700,Euronext Paris,Compartment C,France,ATEME
ATENOR,BE0003837540,Euronext Brussels,Compartment B,Belgium,ATEB
ATLANTIC SAPPHIRE,NO0013249896,Oslo Bors,Compartment C,Norway,
ATON,FR0004153930,Euronext Growth Paris,Euronext Growth,France,ALTAO
ATON GREEN STORAGE,IT0005449464,Euronext Growth Milan,Euronext Growth,Italy,ATON
ATOS,FR001400X2S4,Euronext Paris,Compartment B,France,ATO
AUBAY,FR0000063737,Euronext Paris,Compartment B,France,BAQ
AUDACIA,FR00140059B5,Euronext Growth Paris,Euronext Growth,France,ALAUD
AUGROS COSMETICS,FR0000061780,Euronext Paris,Compartment C,France,AUGR
AUPLATA MINING GROUP (AMG),FR0013410370,Euronext Growth Paris,Euronext Growth,France,ALAMG
AUREA,FR0000039232,Euronext Paris,Compartment C,France,AURE
AURORA EIENDOM AS,NO0011032310,Euronext Growth Oslo,Euronext Growth,Norway,AURA
AURSKOG SPAREBANK,NO0006001601,Oslo Bors,Compartment C,Norway,AURG
AUSTEVOLL SEAFOOD,NO0010073489,Oslo Bors,Compartment A,Norway,AUSS
AUTOSTRADE MERID,IT0000084043,Euronext Milan,Compartment C,Italy,AUTME
AVANTIUM,NL0015002IE0,Euronext Amsterdam,Compartment B,Netherlands,AVTX
AVENIR TELECOM,FR001400CFI7,Euronext Paris,Compartment C,France,AW5
AVENTADOR,FR001400IV58,Euronext Growth Paris,Euronext Growth,France,ALAVE
AVIO,IT0005119810,Euronext Milan,Compartment B,Italy,AVIO
AWILCO LNG,NO0010607971,Oslo Bors,Compartment C,Norway,ALNG
AXACTOR ASA,NO0010840515,Oslo Bors,Compartment C,Norway,ACR
AYFIE INTERNATIONAL AS,NO0012861683,Euronext Growth Oslo,Euronext Growth,Norway,AIX
AZ LEASING,IT0004812258,Euronext Access Paris,Euronext Access,Italy,MLAZL
AZERION,NL00150006Z9,Euronext Amsterdam,Compartment B,Netherlands,AZRN
AZOREAN AQUATIC TECHNOLOGIES SA,PTAZR0AM0006,Euronext Access Paris,Euronext Access,Portugal,MLAAT
B&C SPEAKERS,IT0001268561,Euronext Milan,Compartment B,Italy,BEC
B&S Group,LU1789205884,Euronext Amsterdam,Compartment B,Luxembourg,BSGR
B.F.,IT0005187460,Euronext Milan,Compartment B,Italy,BFG
B2 Impact ASA,NO0010633951,Oslo Bors,Compartment B,Norway,B2I
BAIKOWSKI,FR0013384369,Euronext Growth Paris,Euronext Growth,France,ALBKK
BALTIC SEA PROPERTIES,NO0010810476,Euronext Growth Oslo,Euronext Growth,Norway,BALT
BALYO,FR0013258399,Euronext Paris,Compartment C,France,BALYO
BANCA IFIS,IT0003188064,Euronext Milan,Compartment B,Italy,IF
BANCA MONTE PASCHI SIENA,IT0005508921,Euronext Milan,Compartment A,Italy,MPI0
BANCA SISTEMA,IT0003173629,Euronext Milan,Compartment C,Italy,BST
BANIMMO A,BE0003870871,Euronext Brussels,Compartment C,Belgium,BANI
BANQUP GROUP,BE0974371032,Euronext Brussels,Compartment C,Belgium,BANQ
BARBARA BUI,FR0000062788,Euronext Paris,Compartment C,France,BUI
BARCO,BE0974362940,Euronext Brussels,Compartment A,Belgium,BAR
BASIC-FIT,NL0011872650,Euronext Amsterdam,Compartment A,Netherlands,BFIT
BASICNET,IT0001033700,Euronext Milan,Compartment B,Italy,BAN
BASSAC,FR0004023208,Euronext Paris,Compartment B,France,BASS
BASTIDE LE CONFORT,FR0000035370,Euronext Paris,Compartment B,France,BLC
BASTOGI SPA,IT0004412497,Euronext Milan,Compartment C,Italy,B
BCA POP SONDRIO,IT0000784196,Euronext Milan,Compartment A,Italy,BPSO
BCA PROFILO,IT0001073045,Euronext Milan,Compartment C,Italy,PRO
BCO DESIO BRIANZA,IT0001041000,Euronext Milan,Compartment B,Italy,BDB
BD MULTI MEDIA,FR0000035305,Euronext Growth Paris,Euronext Growth,France,ALTRA
BEEWIZE,IT0001487047,Euronext Milan,Compartment C,Italy,IA6
BEKAERT,BE0974258874,Euronext Brussels,Compartment A,Belgium,BK8N
BELLINI NAUTICA,IT0005497042,Euronext Growth Milan,Euronext Growth,Italy,BELL
BELYSSE GROUP NV,BE0974314461,Euronext Brussels,Compartment C,Belgium,BALTAEUR
BENETEAU,FR0000035164,Euronext Paris,Compartment B,France,BEN
Benfica SAD,PTSLB0AM0010,Euronext Lisbon,Compartment C,Portugal,SLBEN
BERGEN CARBON SOLUTIONS AS,NO0010950249,Euronext Growth Oslo,Euronext Growth,Norway,BCS
BERGENBIO,NO0013251173,Oslo Bors,Compartment C,Norway,BGBIO
BERNARD LOISEAU,FR0000066961,Euronext Growth Paris,Euronext Growth,France,ALDBL
BERTOLOTTI,IT0005585127,Euronext Growth Milan,Euronext Growth,Italy,TRAIN
BESTBE HOLDING,IT0005611642,Euronext Milan,Compartment C,Italy,BES
BEVER HOLDING Gewone aandelen,NL0000285278,Euronext Amsterdam,Compartment C,Netherlands,BEVER
BEWI,NO0010890965,Oslo Bors,Compartment B,Norway,BEWI
BFF BANK,IT0005244402,Euronext Milan,Compartment A,Italy,BFF
BIEN SPAREBANK ASA,NO0012706763,Oslo Bors,Compartment C,Norway,BIEN
BIESSE,IT0003097257,Euronext Milan,Compartment B,Italy,BSS
BIGBEN INTERACTIVE,FR0000074072,Euronext Paris,Compartment C,France,BIG
BILENDI,FR0004174233,Euronext Growth Paris,Euronext Growth,France,ALBLD
BIO INOX,FR001400UBS7,Euronext Access Paris,Euronext Access,France,MLNOX
BIOCARTIS,BE0974281132,Euronext Brussels,Compartment C,Belgium,BCART
BIOPHYTIS,FR001400OLP5,Euronext Growth Paris,Euronext Growth,France,ALBPS
BIOSENIC,BE0974280126,Euronext Brussels,Compartment C,Belgium,BIOS
BIOSYNEX,FR0011005933,Euronext Growth Paris,Euronext Growth,France,ALBIO
BIOTALYS NV,BE0974386188,Euronext Brussels,Compartment C,Belgium,BTLS
BIO-UV GROUP,FR0013345493,Euronext Growth Paris,Euronext Growth,France,ALTUV
BLACK SEA PROPERTY,NO0010755101,Euronext Growth Oslo,Euronext Growth,Norway,BSP
BLUE SHARK POWER,FR0013340973,Euronext Access Paris,Euronext Access,France,MLBSP
BLUELINEA,FR0011041011,Euronext Growth Paris,Euronext Growth,France,ALBLU
BLUENORD ASA,NO0010379266,Oslo Bors,Compartment A,Norway,CJ1
BOA CONCEPT,FR0011365907,Euronext Growth Paris,Euronext Growth,France,ALBOA
BODY ONE,FR0010106039,Euronext Access Paris,Euronext Access,France,MLONE
BOIRON,FR0000061129,Euronext Paris,Compartment B,France,BOI
BOLOGNAFIERE,IT0003516066,Euronext Growth Milan,Euronext Growth,Italy,BF
BONDUELLE,FR0000063935,Euronext Paris,Compartment B,France,BON
BONHEUR,NO0003110603,Oslo Bors,Compartment B,Norway,BONHR
BONYF,BE6333353298,Euronext Access Paris,Euronext Access,Belgium,MLBON
BOOSTHEAT,FR001400OS22,Euronext Growth Paris,Euronext Growth,France,ALBOO
BORGESTAD,NO0013256180,Oslo Bors,Compartment C,Norway,BOR
BORGOSESIA,IT0003217335,Euronext Milan,Compartment C,Italy,BO
BORREGAARD,NO0010657505,Oslo Bors,Compartment A,Norway,BRG
BOURRELIER GROUP,FR0000054421,Euronext Growth Paris,Euronext Growth,France,ALBOU
BOURSE DIRECT,FR0000074254,Euronext Paris,Compartment B,France,BD6
BOUVET,NO0010360266,Oslo Bors,Compartment B,Norway,BOUV
BPOST,BE0974268972,Euronext Brussels,Compartment B,Belgium,BPOST
BQUE NAT. BELGIQUE,BE0003008019,Euronext Brussels,Compartment B,Belgium,BNB
BRAGA MORO,IT0005640286 ,Euronext Growth Milan,Euronext Growth,Italy,
BRIOSCHI,IT0000066180,Euronext Milan,Compartment C,Italy,BRI
BROADPEAK,FR001400AJZ7,Euronext Growth Paris,Euronext Growth,France,ALBPK
BRUNEL INTERNAT,NL0010776944,Euronext Amsterdam,Compartment B,Netherlands,BRNL
BURELLE,FR0000061137,Euronext Paris,Compartment B,France,BUR
BYGGMA,NO0003087603,Oslo Bors,Compartment C,Norway,BMA
CA TOULOUSE 31 CCI,FR0000045544,Euronext Paris,Compartment C,France,CAT31
CABASSE S.A.,FR001400DIY6,Euronext Growth Paris,Euronext Growth,France,ALCAB
CABKA,NL00150000S7,Euronext Amsterdam,Compartment C,Netherlands,CABKA
CADELER A/S,DK0061412772,Oslo Bors,Compartment A,Denmark,CADLR
CAFOM,FR0010151589,Euronext Growth Paris,Euronext Growth,France,CAA
CAIRN HOMES PLC,IE00BWY4ZF18,Euronext Dublin,Compartment B,Ireland,CRN
CAIRO COMMUNICATION,IT0004329733,Euronext Milan,Compartment B,Italy,CI1A
CALEFFI,IT0003025019,Euronext Milan,Compartment C,Italy,CLF
CALIBRE,FR0014004QR6,Euronext Growth Paris,Euronext Growth,France,ALIBR
CALTAGIRONE,IT0003127930,Euronext Milan,Compartment B,Italy,CALT
CALTAGIRONE EDIT,IT0001472171,Euronext Milan,Compartment C,Italy,CED
CAMBI ASA,NO0010078850,Euronext Growth Oslo,Euronext Growth,Norway,CAMBI
CAMPINE,BE0003825420,Euronext Brussels,Compartment C,Belgium,CAMB
CANDELA INVEST,BE0974298300,Euronext Growth Brussels,Euronext Growth,Belgium,CAND
CAPELLI,FR0012969095,Euronext Growth Paris,Euronext Growth,France,ALCAP
CAPITAL B,FR0011053636,Euronext Growth Paris,Euronext Growth,France,ALCPB
CAPSOL TECHNOLOGIES ASA,NO0010923121,Oslo Bors,Compartment C,Norway,CAPSL
CARBIOS,FR0011648716,Euronext Growth Paris,Euronext Growth,France,ALCRB
CARMAT,FR0010907956,Euronext Growth Paris,Euronext Growth,France,ALCAR
CASINO GUICHARD,FR001400OKR3,Euronext Paris,Compartment C,France,CO
CASTA DIVA GROUP,IT0005003782,Euronext Growth Milan,Euronext Growth,Italy,CDG
CATANA GROUP,FR0010193052,Euronext Growth Paris,Euronext Growth,France,ALCAT
CATERING INTERNATIONAL & SERVICES S.A.,FR0000064446,Euronext Growth Paris,Euronext Growth,France,ALCIS
CAVENDISH HYDROGEN ASA,NO0013219535,Oslo Bors,Compartment C,Norway,CAVEN
CBO TERRITORIA,FR0010193979,Euronext Paris,Compartment C,France,CBOT
CEGEDIM,FR0000053506,Euronext Paris,Compartment B,France,CGM
CELLECTIS,FR0010425595,Euronext Growth Paris,Euronext Growth,France,ZVA
CELLULARLINE,IT0005244618,Euronext Milan,Compartment C,Italy,CELL
CELYAD ONCOLOGY,BE0974260896,Euronext Brussels,Compartment C,Belgium,CYAD
CEMBRE,IT0001128047,Euronext Milan,Compartment B,Italy,CMB
CEMENTIR HOLDING,NL0013995087,Euronext Milan,Compartment A,Netherlands,CEM
CENERGY,BE0974303357,Euronext Brussels,Compartment A,Belgium,CENER
CENTRALE DEL LATTE D'ITALIA,IT0003023980,Euronext Milan,Compartment C,Italy,CLI
CERINNOV GROUP,FR0013178712,Euronext Growth Paris,Euronext Growth,France,ALPCV
CFE,BE0003883031,Euronext Brussels,Compartment B,Belgium,CFEB
CH.FER DEPARTEMENTAUX,FR0000037871,Euronext Access Paris,Euronext Access,France,MLCFD
CHARWOOD ENERGY S.A.,FR001400AJ60,Euronext Growth Paris,Euronext Growth,France,ALCWE
CHAUSSERIA,FR0000060907,Euronext Paris,Compartment C,France,CHSR
Cheops Technology,FR0010447086,Euronext Access Paris,Euronext Access,France,MLCHE
CHOICE NV,BE0974370026,Euronext Access Brussels,Euronext Access,Belgium,MLTV
CIBOX INTER A CTIV,FR0000054322,Euronext Growth Paris,Euronext Growth,France,ALCBX
CIE BOIS SAUVAGE,BE0003592038,Euronext Brussels,Compartment B,Belgium,COMB
CIE DU MONT BLANC,FR0000060428,Euronext Access Paris,Euronext Access,France,MLCMB
CIR,IT0000070786,Euronext Milan,Compartment B,Italy,CIR
CIRCIO HOLDING ASA,NO0013033795,Oslo Bors,Compartment C,Norway,CRNA
CIRCLE,IT0005344996,Euronext Growth Milan,Euronext Growth,Italy,CIRC
CLABO,IT0005091324,Euronext Growth Milan,Euronext Growth,Italy,CLABO
CLARANOVA,FR0013426004,Euronext Paris,Compartment C,France,CLA
CLARIANE SE,FR0010386334,Euronext Paris,Compartment B,France,CLARI
CLASS EDITORI,IT0005117848,Euronext Milan,Compartment C,Italy,CLE
CLEANBNB,IT0005377277,Euronext Growth Milan,Euronext Growth,Italy,CBB
CLOUDBERRY CLEAN ENERGY ASA,NO0010876642,Oslo Bors,Compartment B,Norway,CLOUD
CLOUDIA RESEARCH,IT0005577090,Euronext Growth Milan,Euronext Growth,Italy,AGAIN
CM.COM,NL0012747059,Euronext Amsterdam,Compartment B,Netherlands,CMCOM
CMB.TECH,BE0003816338,Euronext Brussels,Compartment A,Belgium,OCW
CMG CLEANTECH,FR0013406881,Euronext Access Paris,Euronext Access,France,MLCMG
CO.BR.HA (D),BE0003519270,Euronext Growth Brussels,Euronext Growth,Belgium,COBH
CODELAB CAPITAL AS,NO0013483503,Euronext Growth Oslo,Euronext Growth,Norway,CODE
COFACE,FR0010667147,Euronext Paris,Compartment A,France,COFA
COFIDUR S.A.,FR0013257409,Euronext Growth Paris,Euronext Growth,France,ALCOF
COFLE,IT0005465619,Euronext Growth Milan,Euronext Growth,Italy,CFL
COGEFEED,IT0005618043,Euronext Growth Milan,Euronext Growth,Italy,CGF
COGELEC,FR0013335742,Euronext Growth Paris,Euronext Growth,France,ALLEC
COGRA,FR0011071570,Euronext Growth Paris,Euronext Growth,France,ALCOG
COHERIS,FR0004031763,Euronext Paris,Compartment C,France,OHE
COIL,BE0160342011,Euronext Growth Paris,Euronext Growth,Belgium,ALCOI
COLIPAYS,FR0010959684,Euronext Access Paris,Euronext Access,France,MLCLP
COM.TEL,IT0005632945,Euronext Growth Milan,Euronext Growth,Italy,CMTL
COMER INDUSTRIES,IT0005246191,Euronext Milan,Compartment B,Italy,COM
COMPAGNIA DEI CARAIBI,IT0005453235,Euronext Growth Milan,Euronext Growth,Italy,TIME
COMPAGNIE CHARGEURS INVEST,FR0000130692,Euronext Paris,Compartment B,France,CRI
CONDOR TECHNOLOGIES,BE6252013725,Euronext Access Paris,Euronext Access,Belgium,MLMFI
Conduril-Engenharia,PTCDU0AE0003,Euronext Access Lisbon,Euronext Access,Portugal,CDU
CONFINVEST,IT0005379604,Euronext Growth Milan,Euronext Growth,Italy,CFV
CONSORT NT,FR0000077828,Euronext Access Paris,Euronext Access,France,MLCNT
CONSTRUCTEURS BOIS,FR00140007I9,Euronext Access Paris,Euronext Access,France,MLLCB
CONTEXTVISION,SE0014731154,Oslo Bors,Compartment C,Sweden,CONTX
CONVERGENZE,IT0005426215,Euronext Growth Milan,Euronext Growth,Italy,CVG
COPERNICO,IT0005379406,Euronext Growth Milan,Euronext Growth,Italy,COP
CORBION,NL0010583399,Euronext Amsterdam,Compartment A,Netherlands,CRBN
COREP LIGHTING,FR0010035816,Euronext Access Paris,Euronext Access,France,MLCOR
CORETECH 5,FR0013371507,Euronext Access Paris,Euronext Access,France,MLCOT
Corticeira Amorim-SGPS,PTCOR0AE0006,Euronext Lisbon,Compartment A,Portugal,COR
COURBET,FR0004998318,Euronext Access Paris,Euronext Access,France,MLCOU
COURTOIS,FR0000065393,Euronext Paris,Compartment C,France,COUR
CRCAM ALP.PROV.CCI,FR0000044323,Euronext Paris,Compartment C,France,CRAP
CRCAM ATL.VEND.CCI,FR0000185506,Euronext Paris,Compartment C,France,CRAV
CRCAM BRIE PIC2CCI,FR0010483768,Euronext Paris,Compartment B,France,CRBP2
CRCAM ILLE-VIL.CCI,FR0000045213,Euronext Paris,Compartment C,France,CIV
CRCAM LANGUED CCI,FR0010461053,Euronext Paris,Compartment C,France,CRLA
CRCAM LOIRE HAUTE LOIRE CCI,FR0000045239,Euronext Paris,Compartment C,France,CRLO
CRCAM MORBIHAN CCI,FR0000045551,Euronext Paris,Compartment C,France,CMO
CRCAM NORD CCI,FR0000185514,Euronext Paris,Compartment B,France,CNDF
CRCAM NORM.SEINE,FR0000044364,Euronext Paris,Compartment C,France,CCN
CRCAM PARIS ET IDF,FR0000045528,Euronext Paris,Compartment B,France,CAF
CRCAM SUD R.A.CCI,FR0000045346,Euronext Paris,Compartment C,France,CRSU
CRCAM TOURAINE CCI,FR0000045304,Euronext Paris,Compartment C,France,CRTO
CREACTIVES GROUP,IT0005408593,Euronext Growth Milan,Euronext Growth,Italy,CREG1EUR
CRESCENT,BE0003836534,Euronext Brussels,Compartment C,Belgium,OPTI
CROSSJECT,FR0011716265,Euronext Growth Paris,Euronext Growth,France,ALCJ
CROSSWOOD,FR0000050395,Euronext Paris,Compartment C,France,CROS
CROWDFUNDME,IT0005353575,Euronext Growth Milan,Euronext Growth,Italy,CFM
CRYPTO BLOCKCHAIN INDUSTRIES,FR0014007LW0,Euronext Growth Paris,Euronext Growth,France,ALCBI
CSP INT IND CALZE,IT0001127874,Euronext Milan,Compartment C,Italy,CSP
CTAC,NL0000345577,Euronext Amsterdam,Compartment C,Netherlands,TAC
"CTT-CORREIOS DE PORTUGAL, SA",PTCTT0AM0001,Euronext Lisbon,Compartment B,Portugal,CTT
CUBE LABS,IT0005532483,Euronext Growth Milan,Euronext Growth,Italy,CUBE
CULTI MILANO,IT0005257347,Euronext Growth Milan,Euronext Growth,Italy,CULT
CUMULEX,BE0003463685,Euronext Brussels,Compartment C,Belgium,SUCR
CY4GATE,IT0005412504,Euronext Milan,Compartment B,Italy,CY4
CYBEROO,IT0005546103,Euronext Growth Milan,Euronext Growth,Italy,CYB
CYVIZ AS,NO0010015175,Euronext Growth Oslo,Euronext Growth,Norway,CYVIZ
D.L.S.I.,FR0010404368,Euronext Growth Paris,Euronext Growth,France,ALDLS
DALATA HOTEL GROUP PLC,IE00BJMZDW83,Euronext Dublin,Compartment B,Ireland,DHG
DAMARIS,FR0000077885,Euronext Access Paris,Euronext Access,France,MLDAM
DAMARTEX,FR0000185423,Euronext Growth Paris,Euronext Growth,France,ALDAR
D'AMICO,LU2592315662,Euronext Milan,Compartment B,Luxembourg,DIS
DANIELI & C,IT0000076502,Euronext Milan,Compartment A,Italy,DAN
DATALEX PLC,IE0000527006,Euronext Growth Dublin,Euronext Growth,Ireland,DLE
DATALOGIC,IT0004053440,Euronext Milan,Compartment B,Italy,DT8A
DATRIX,IT0005468357,Euronext Growth Milan,Euronext Growth,Italy,DATA
DBA GROUP,IT0005285942,Euronext Growth Milan,Euronext Growth,Italy,DBA
DBT,FR001400LO86,Euronext Growth Paris,Euronext Growth,France,ALDBT
DBV TECHNOLOGIES,FR0010417345,Euronext Paris,Compartment B,France,DBV
DECEUNINCK,BE0003789063,Euronext Brussels,Compartment B,Belgium,DECB
DEDEM,IT0005659724 ,Euronext Growth Milan,Euronext Growth,Italy,
DEEP VALUE DRILLER AS,NO0010955917,Euronext Growth Oslo,Euronext Growth,Norway,DVD
DEEZER,FR001400AYG6,Euronext Paris,Compartment B,France,DEEZR
DEKUPLE,FR0000062978,Euronext Paris,Compartment C,France,DKUPL
DELFINGEN INDUSTRY,FR0000054132,Euronext Growth Paris,Euronext Growth,France,ALDEL
DELTA PLUS GROUP,FR0013283108,Euronext Growth Paris,Euronext Growth,France,ALDLT
DEODATO.GALLERY,IT0005528937,Euronext Growth Milan,Euronext Growth,Italy,ART
DERICHEBOURG,FR0000053381,Euronext Paris,Compartment B,France,DBG
DESERT CONTROL AS,NO0010963275,Euronext Growth Oslo,Euronext Growth,Norway,DSRT
DESTINATION ITALIA,IT0005454027,Euronext Growth Milan,Euronext Growth,Italy,DIT
DEVERNOIS,FR0000060840,Euronext Growth Paris,Euronext Growth,France,ALDEV
DEXELANCE,IT0005543480,Euronext Milan,Compartment B,Italy,DEX
DGB GROUP N.V.,NL0009169515,Euronext Amsterdam,Compartment C,Netherlands,DGB
DHH,IT0005203622,Euronext Growth Milan,Euronext Growth,Italy,DHH
DIADEMA CAPITAL,IT0005605636,Euronext Growth Milan,Euronext Growth,Italy,DIAD
DIAGNOSTIC MEDICAL SYSTEMS,FR0012202497,Euronext Growth Paris,Euronext Growth,France,ALDMS
DIGITAL BROS,IT0001469995,Euronext Milan,Compartment B,Italy,DIB
DIGITAL VALUE,IT0005347429,Euronext Milan,Compartment B,Italy,DGV
DIGITOUCH,IT0005089476,Euronext Growth Milan,Euronext Growth,Italy,DGT
DIRECTA SIM,IT0001463063,Euronext Growth Milan,Euronext Growth,Italy,D
DISTRIBUZIONE ELETTRICA ADRIATICA,IT0005600249,Euronext Growth Milan,Euronext Growth,Italy,DEA
DNO,NO0003921009,Oslo Bors,Compartment B,Norway,DNO
DNXCORP,FR0010436584,Euronext Growth Paris,Euronext Growth,France,ALDNX
DOCK.PETR.AMBES AM,FR0000065260,Euronext Paris,Compartment C,France,DPAM
DOF GROUP ASA,NO0012851874,Oslo Bors,Compartment B,Norway,DOFG
DOLFINES,FR001400SP13,Euronext Growth Paris,Euronext Growth,France,JPZ
DOLPHIN DRILLING AS,NO0012595950,Euronext Growth Oslo,Euronext Growth,Norway,DDRIL
DONEGAL INVESTMENT GROUP PLC,IE000Y2HN3O9,Euronext Growth Dublin,Euronext Growth,Ireland,DQ7A
DONTNOD Entertainment,FR0013331212,Euronext Growth Paris,Euronext Growth,France,ALDNE
DOTSTAY,IT0005523839,Euronext Growth Milan,Euronext Growth,Italy,DOT
DOVALUE,IT0005610958,Euronext Milan,Compartment B,Italy,DOV
DOXEE,IT0005394413,Euronext Growth Milan,Euronext Growth,Italy,DOX
DRONE VOLT,FR001400SVN0,Euronext Growth Paris,Euronext Growth,France,ALDRV
DYNAFOND,FR0000052920,Euronext Access Paris,Euronext Access,France,MLDYN
DYNEX ENERGY SA,LU0881232630,Euronext Access Paris,Euronext Access,Luxembourg,MLDYX
E.P.H.,IT0005623845,Euronext Milan,Compartment C,Italy,EPH
EAGLE FOOTBALL GROUP,FR0010428771,Euronext Paris,Compartment B,France,XXT
EAM SOLAR AS,NO0013601245 ,Oslo Bors,Euronext Growth,Norway,
EASE2PAY NV,NL0000345627,Euronext Amsterdam,Compartment C,Netherlands,EAS2P
EAUX DE ROYAN,FR0007200100,Euronext Access Paris,Euronext Access,France,MLEDR
EAVS,FR0010536185,Euronext Access Paris,Euronext Access,France,MLEAV
EBUSCO HOLDING N.V.,NL0015002AG2,Euronext Amsterdam,Compartment B,Netherlands,EBUS
ECOLUTIONS,DE000A0XYM45,Euronext Access Paris,Euronext Access,Germany,MLECO
ECOMEMBRANE,IT0005543332,Euronext Growth Milan,Euronext Growth,Italy,ECMB
ECOMIAM SA,FR0013534617,Euronext Growth Paris,Euronext Growth,France,ALECO
ECONOCOM GROUP,BE0974313455,Euronext Brussels,Compartment B,Belgium,ECONB
ECOSLOPS,FR0011490648,Euronext Growth Paris,Euronext Growth,France,ALESA
ECOSUNTEK,IT0005654766,Euronext Growth Milan,Euronext Growth,Italy,ECK
EDGELAB,IT0005627762,Euronext Growth Milan,Euronext Growth,Italy,ELB
EDIL SAN FELICE,IT0005561441,Euronext Growth Milan,Euronext Growth,Italy,ESF
EDILIZIACROBATICA,IT0005351504,Euronext Growth Milan,Euronext Growth,Italy,EDAC
EDITIONS DU SIGNE,FR0000052755,Euronext Access Paris,Euronext Access,France,MLEDS
EDUFORM'ACTION,FR0010882886,Euronext Access Paris,Euronext Access,France,MLEFA
EDUNIVERSAL,FR0010439265,Euronext Access Paris,Euronext Access,France,MLEDU
EEMS,IT0005577868,Euronext Milan,Compartment C,Italy,EEMS
EGIDE,FR0000072373,Euronext Growth Paris,Euronext Growth,France,EGID
E-GLOBE,IT0005557514,Euronext Growth Milan,Euronext Growth,Italy,EGB
EGOMNIA,IT0005586497,Euronext Growth Milan,Euronext Growth,Italy,EGN
EIDESVIK OFFSHORE,NO0010263023,Oslo Bors,Compartment C,Norway,EIOF
EKINOPS,FR0011466069,Euronext Paris,Compartment C,France,EKI
EKOPAK NV,BE0974380124,Euronext Brussels,Compartment B,Belgium,EKOP
EL.EN.,IT0005453250,Euronext Milan,Compartment B,Italy,ELN
ELEC.STRASBOURG,FR0000031023,Euronext Paris,Compartment B,France,ELEC
ELECTRICITE ET EAUX DE MADAGASCAR,FR0000035719,Euronext Paris,Compartment C,France,EEM
ELECTROMAGNETIC GEOSERVICES,NO0010358484,Oslo Bors,Compartment C,Norway,EMGS
ELEKTROIMPORTØREN AS,NO0010911902,Euronext Growth Oslo,Euronext Growth,Norway,ELIMP
ELES,IT0005373417,Euronext Growth Milan,Euronext Growth,Italy,ELES
ELICA,IT0003404214,Euronext Milan,Compartment C,Italy,ELC
ELIGO,IT0005524423,Euronext Growth Milan,Euronext Growth,Italy,ELG
ELIOR GROUP,FR0011950732,Euronext Paris,Compartment B,France,ELIOR
ELKEM,NO0010816093,Oslo Bors,Compartment A,Norway,ELK
ELLIPTIC LABORATORIES ASA,NO0010722283,Oslo Bors,Compartment B,Norway,ELABS
ELMERA GROUP ASA,NO0010815673,Oslo Bors,Compartment B,Norway,ELMRA
ELOPAK ASA,NO0011002586,Oslo Bors,Compartment B,Norway,ELO
ELSA SOLUTIONS,IT0005561466,Euronext Growth Milan,Euronext Growth,Italy,ELSA
EMAK,IT0001237053,Euronext Milan,Compartment B,Italy,EM
EMBENTION SISTEMAS INTELIGENTES SA,ES0105639001,Euronext Access Paris,Euronext Access,Spain,MLUAV
EMEIS,FR001400NLM4,Euronext Paris,Compartment A,France,OPA1
EMMA VILLAS,IT0005562183,Euronext Growth Milan,Euronext Growth,Italy,EAV
EMOVA GROUP,FR0013356755,Euronext Growth Paris,Euronext Growth,France,ALEMV
ENA (ex-S.I.F. ITALIA),IT0005468290,Euronext Growth Milan,Euronext Growth,Italy,ENA
ENAV,IT0005176406,Euronext Milan,Compartment A,Italy,ENAV
ENCRES DUBUIT,FR0004030708,Euronext Growth Paris,Euronext Growth,France,ALDUB
ENDÚR,NO0012555459,Oslo Bors,Compartment C,Norway,BERGE
ENENSYS,FR0013330792,Euronext Growth Paris,Euronext Growth,France,ALNN6
ENERGEIA AS,NO0012697715,Euronext Growth Oslo,Euronext Growth,Norway,ENERG
ENERGISME,FR0013399359,Euronext Growth Paris,Euronext Growth,France,ALNRG
ENERGY,IT0005500712,Euronext Growth Milan,Euronext Growth,Italy,ENY
ENERGY TIME,IT0005660219 ,Euronext Growth Milan,Euronext Growth,Italy,
ENERGYVISION ,BE0974499312,Euronext Paris,Compartment B,Belgium,5Q7
ENERTRONICA SANTERNO,IT0004887409,Euronext Growth Milan,Euronext Growth,Italy,ENT
ENERVIT,IT0004356751,Euronext Milan,Compartment C,Italy,ENV
ENOGIA,FR0014004974,Euronext Growth Paris,Euronext Growth,France,ALENO
E-NOVIA,IT0005391229,Euronext Growth Milan,Euronext Growth,Italy,E9IA
ENSURGE MICROPOWER ASA,NO0013186460,Oslo Bors,Compartment C,Norway,ENSU
ENTECH,FR0014004362,Euronext Growth Paris,Euronext Growth,France,ALESE
ENTRA,NO0010716418,Oslo Bors,Compartment A,Norway,ENTRA
ENTREPARTICULIERS,FR0010424697,Euronext Growth Paris,Euronext Growth,France,ALENT
ENTREPRENDRE,FR0000045122,Euronext Growth Paris,Euronext Growth,France,ALENR
ENVIPCO,NL0015000GX8,Euronext Amsterdam,Compartment C,Netherlands,ENVI
EO2,FR0010465534,Euronext Growth Paris,Euronext Growth,France,ALEO2
E-PANGO,FR0014004339,Euronext Growth Paris,Euronext Growth,France,ALAGO
EPRCOMUNICAZIONE,IT0005519837,Euronext Growth Milan,Euronext Growth,Italy,EPRB
EQUASENS,FR0012882389,Euronext Paris,Compartment B,France,EQS
EQUITA GROUP,IT0005312027,Euronext Milan,Compartment B,Italy,EQUI
EQVA ASA,NO0010708605,Oslo Bors,Compartment C,Norway,EQVA
ERAMET,FR0000131757,Euronext Paris,Compartment A,France,ERA
ERREDUE,IT0005521247,Euronext Growth Milan,Euronext Growth,Italy,RDUE
ESAUTOMOTION,IT0005337107,Euronext Growth Milan,Euronext Growth,Italy,ESAU
ESI,IT0005421885,Euronext Growth Milan,Euronext Growth,Italy,ESIGM
ESPE,IT0005573818,Euronext Growth Milan,Euronext Growth,Italy,ESPE
ESPRINET,IT0003850929,Euronext Milan,Compartment B,Italy,EP4A
ESSO,FR0000120669,Euronext Paris,Compartment B,France,ES
Estoril-Sol SGPS-Nominativas,PTESO0AM0000,Euronext Lisbon,Compartment C,Portugal,ESON
ESTRIMA,IT0005468191,Euronext Growth Milan,Euronext Growth,Italy,BIRO
EUKEDOS,IT0004818297,Euronext Milan,Compartment C,Italy,EUK
EURASIA GROUPE,FR0010844001,Euronext Growth Paris,Euronext Growth,France,ALEUA
EUROAPI SA,FR0014008VX5,Euronext Paris,Compartment B,France,EAPI
EUROBIO-SCIENTIFIC,FR0013240934,Euronext Growth Paris,Euronext Growth,France,ALERS
EUROFINS CEREP,FR0013256518,Euronext Growth Paris,Euronext Growth,France,ALECR
EUROGROUP LAMINATIONS,IT0005527616,Euronext Milan,Compartment B,Italy,EGLA
EUROLAND CORPORATE,FR0010157115,Euronext Growth Paris,Euronext Growth,France,ALERO
EUROPACORP,FR0010490920,Euronext Growth Paris,Euronext Growth,France,ALECP
European Medical Solutions,BE0974497290,Euronext Growth Brussels,Euronext Growth,Belgium,ALEMS
EUROPLASMA,FR001400PDG8,Euronext Growth Paris,Euronext Growth,France,ALEUP
EUROPRIS,NO0010735343,Oslo Bors,Compartment A,Norway,EPR
EUROTECH,IT0003895668,Euronext Milan,Compartment C,Italy,E5T
EUTELSAT COMMUNIC.,FR0010221234,Euronext Paris,Compartment A,France,ETL
EVISO,IT0005430936,Euronext Growth Milan,Euronext Growth,Italy,EVISO
EVS BROADC.EQUIPM.,BE0003820371,Euronext Brussels,Compartment B,Belgium,EVS
EXACOMPTA CLAIREFONTAINE,FR0000064164,Euronext Growth Paris,Euronext Growth,France,ALEXA
EXACT THERAPEUTICS,NO0010852213,Euronext Growth Oslo,Euronext Growth,Norway,EXTX
EXAIL TECHNOLOGIES,FR0000062671,Euronext Paris,Compartment B,France,EXA
EXECUS,IT0005557530,Euronext Growth Milan,Euronext Growth,Italy,EXEC
EXEL INDUSTRIES,FR0004527638,Euronext Paris,Compartment B,France,EXE
EXMAR ord.,BE0003808251,Euronext Brussels,Compartment B,Belgium,EXM
EXOSENS,FR001400Q9V2,Euronext Paris,Compartment A,France,EXENS
EXPERT.AI,IT0004496029,Euronext Growth Milan,Euronext Growth,Italy,EXAI
EXPLOSIFS PROD.CHI,FR0014003AQ4,Euronext Paris,Compartment B,France,EXPL
FACEPHI,ES0105029005,Euronext Growth Paris,Euronext Growth,Spain,FACE
FAE TECHNOLOGY,IT0005500688,Euronext Growth Milan,Euronext Growth,Italy,FAE
FAGRON,BE0003874915,Euronext Brussels,Compartment A,Belgium,4A5
FARMACOSMO,IT0005487670,Euronext Growth Milan,Euronext Growth,Italy,COSMO
FARMINVESTE,PTFNV1AM0002,Euronext Access Lisbon,Euronext Access,Portugal,MLFMV
FASHION B AIR,FR0004034593,Euronext Growth Paris,Euronext Growth,France,ALFBA
FBD HOLDINGS PLC,IE0003290289,Euronext Dublin,Compartment B,Ireland,FBD
FD,FR0012300424,Euronext Access Paris,Euronext Access,France,MLFDV
FERM.CASINO MUNICIPAL CANNES,FR0000062101,Euronext Paris,Compartment B,France,FCMC
FERMENTALG,FR0011271600,Euronext Growth Paris,Euronext Growth,France,ALGAE
FERRETTI,IT0005383291,Euronext Milan,Compartment B,Italy,YACHT
FERVI,IT0005325912,Euronext Growth Milan,Euronext Growth,Italy,FVI
FIDIA,IT0005654683,Euronext Milan,Compartment C,Italy,FIC0
FIDUCIAL OFF.SOL.,FR0000061418,Euronext Paris,Compartment C,France,SACI
FIDUCIAL REAL EST.,FR0000060535,Euronext Paris,Compartment B,France,ORIA
FIERA MILANO,IT0003365613,Euronext Milan,Compartment B,Italy,FM
FIGEAC AERO,FR0011665280,Euronext Paris,Compartment B,France,FGA
FILA,IT0004967292,Euronext Milan,Compartment B,Italy,FILA
FILL UP MEDIA S.A.,FR001400AEM6,Euronext Growth Paris,Euronext Growth,France,ALFUM
FINANCIERE MARJOS,FR0000060824,Euronext Paris,Compartment C,France,FINM
FINANZA.TECH,IT0005475162,Euronext Growth Milan,Euronext Growth,Italy,FTC
FINAXO ENVIRONNEMENT,FR0010487272,Euronext Access Paris,Euronext Access,France,MLFXO
FINCANTIERI,IT0005599938,Euronext Milan,Compartment B,Italy,FCT
FINE FOODS & PHARMACEUTICALS NTM,IT0005215329,Euronext Milan,Compartment B,Italy,FF
FIRST CAPITAL,IT0005252736,Euronext Growth Milan,Euronext Growth,Italy,FIC
FJORD DEFENCE GROUP ASA,NO0010778095,Oslo Bors,Compartment C,Norway,DFENS
FLEKKEFJORD SPAREB,NO0013209858,Euronext Growth Oslo,Euronext Growth,Norway,FFSB
FLEURY MICHON,FR0000074759,Euronext Growth Paris,Euronext Growth,France,ALFLE
FLEXDEAL,PTFXD0AM0018,Euronext Lisbon,Compartment C,Portugal,FLEXD
FLORENTAISE S.A.,FR001400GO75,Euronext Growth Paris,Euronext Growth,France,ALFLO
FLORIDIENNE,BE0003215143,Euronext Brussels,Compartment B,Belgium,FLOB
FLOWSPARKS,BE0003847648,Euronext Access Brussels,Euronext Access,Belgium,FLSP
FLUXYS BELGIUM,BE0974265945,Euronext Brussels,Compartment B,Belgium,FLUX
FNAC DARTY,FR0011476928,Euronext Paris,Compartment B,France,FNAC
FNM,IT0000060886,Euronext Milan,Compartment B,Italy,FNM
FNP TECHNOLOGIES SA,FR0013230067,Euronext Access Paris,Euronext Access,France,MLFNP
FONCIERE 7 INVEST,FR0000065930,Euronext Paris,Compartment C,France,LEBL
FONCIERE VINDI,FR0011605617,Euronext Access Paris,Euronext Access,France,MLVIN
FONCIERE VOLTA,FR0000053944,Euronext Paris,Compartment C,France,SPEL
FOPE,IT0005203424,Euronext Growth Milan,Euronext Growth,Italy,FPE
FORFARMERS,NL0011832811,Euronext Amsterdam,Compartment B,Netherlands,FFARM
FORSEE POWER,FR0014005SB3,Euronext Paris,Compartment B,France,FORSE
FORVIA,FR0000121147,Euronext Paris,Compartment A,France,FRVIA
FOUNTAIN,BE0003752665,Euronext Brussels,Compartment C,Belgium,FOU
FOUNTAINE PAJOT,FR0010485268,Euronext Growth Paris,Euronext Growth,France,ALFPC
FRANCAISE ENERGIE,FR0013030152,Euronext Paris,Compartment B,France,FDE
FRANCE TOURISME IMMOBILIER,FR0010823724,Euronext Access Paris,Euronext Access,France,MLFTI
FRANCHETTI,IT0005508574,Euronext Growth Milan,Euronext Growth,Italy,FCH
FRANCHI UMBERTO MARMI,IT0005335754,Euronext Growth Milan,Euronext Growth,Italy,FUM
FREELANCE.COM,FR0004187367,Euronext Growth Paris,Euronext Growth,France,ALFRE
FRENDY ENERGY,IT0004819857,Euronext Growth Milan,Euronext Growth,Italy,FRE
FRONTLINE PLC,CY0200352116,Oslo Bors,Compartment A,Cyprus,FRO
FSDV,FR0000031973,Euronext Paris,Compartment C,France,FSDV
FUGRO,NL00150003E1,Euronext Amsterdam,Compartment A,Netherlands,FUR
FUT.CLUBE PORTO,PTFCP0AM0008,Euronext Lisbon,Compartment C,Portugal,FCP
G.A.I.,FR0000053415,Euronext Access Paris,Euronext Access,France,MLGAI
G.M. LEATHER,IT0005498610,Euronext Growth Milan,Euronext Growth,Italy,GML
GABETTI,IT0005023038,Euronext Milan,Compartment C,Italy,GAB
GALAPAGOS,BE0003818359,Euronext Amsterdam,Compartment A,Belgium,GLPG
GALEO,FR0011100759,Euronext Access Paris,Euronext Access,France,MLGAL
GAMBERO ROSSO,IT0005122392,Euronext Growth Milan,Euronext Growth,Italy,GAMB
GAROFALO HEALTH CARE,IT0005345233,Euronext Milan,Compartment B,Italy,GHC
GAS PLUS,IT0004098510,Euronext Milan,Compartment C,Italy,GSP
GASCOGNE,FR0000124414,Euronext Growth Paris,Euronext Growth,France,ALBI
GAUMONT,FR0000034894,Euronext Paris,Compartment B,France,GAM
GEA GRENOBL.ELECT.,FR0000053035,Euronext Paris,Compartment C,France,GEA
GECI INTL,FR001400M1R1,Euronext Growth Paris,Euronext Growth,France,ALGEC
GEFRAN,IT0003203947,Euronext Milan,Compartment C,Italy,GE
GEL,IT0005312365,Euronext Growth Milan,Euronext Growth,Italy,GEL
GENERALFINANCE,IT0005144784,Euronext Milan,Compartment C,Italy,GF
GENFIT,FR0004163111,Euronext Paris,Compartment B,France,GNFT
GENOWAY,FR0004053510,Euronext Growth Paris,Euronext Growth,France,ALGEN
GENSIGHT BIOLOGICS,FR0013183985,Euronext Paris,Compartment C,France,SIGHT
GENTIAN DIAGNOSTICS ASA,NO0010748866,Oslo Bors,Compartment C,Norway,GENT
GENTILI MOSCONI,IT0005531261,Euronext Growth Milan,Euronext Growth,Italy,GM
GENTLEMEN'S EQUITY SA,PTGVE1AE0009,Euronext Access Paris,Euronext Access,Portugal,MLGEQ
GEOX,IT0003697080,Euronext Milan,Compartment B,Italy,GXSBF
GEVELOT,FR0000033888,Euronext Growth Paris,Euronext Growth,France,ALGEV
GIGANTE SALMON AS,NO0011013765,Euronext Growth Oslo,Euronext Growth,Norway,GIGA
GIGLIO GROUP,IT0005122400,Euronext Milan,Compartment C,Italy,GG
GIGLIO.COM,IT0005453003,Euronext Growth Milan,Euronext Growth,Italy,GCOM
GIMV,BE0003699130,Euronext Brussels,Compartment A,Belgium,GIMB
GIOCAMONDO STUDY,IT0005652489,Euronext Growth Milan,Euronext Growth,Italy,GMS
GISMONDI 1754,IT0005391138,Euronext Growth Milan,Euronext Growth,Italy,GIS
GL EVENTS,FR0000066672,Euronext Paris,Compartment B,France,GLO
GLASS TO POWER S.P.A.,IT0005613739,Euronext Access Paris,Euronext Access,Italy,MLGL
GLENVEAGH PROPERTIES PLC,IE00BD6JX574,Euronext Dublin,Compartment B,Ireland,GLV
GLINT,PTPAD0AM0007,Euronext Lisbon,Compartment C,Portugal,GLINT
GLOBALBIOENERGIES,FR0011052257,Euronext Growth Paris,Euronext Growth,France,ALGBE
GOLD BY GOLD,FR0011208693,Euronext Growth Paris,Euronext Growth,France,ALGLD
GOLDEN ENERGY OFFSHORE SERVICES ASA,NO0013228585,Euronext Growth Oslo,Euronext Growth,Norway,GEOS
GOODTECH,NO0004913609,Oslo Bors,Compartment C,Norway,GOD
GPE GROUP PIZZORNO,FR0010214064,Euronext Paris,Compartment B,France,GPE
GPI,IT0005221517,Euronext Milan,Compartment B,Italy,GPI
GRAINES VOLTZ,FR0000065971,Euronext Paris,Compartment C,France,GRVO
GREAT WESTERN MINING CORPORATION PLC,IE000T78CHJ8,Euronext Growth Dublin,Euronext Growth,Ireland,GWMO
GREEN MINERALS AS,NO0010907744,Euronext Growth Oslo,Euronext Growth,Norway,GEM
GREEN OLEO,IT0005549768,Euronext Growth Milan,Euronext Growth,Italy,GRN
GREENCOAT RENEWABLES PLC,IE00BF2NR112,Euronext Growth Dublin,Euronext Growth,Ireland,GRP
GREENYARD,BE0003765790,Euronext Brussels,Compartment B,Belgium,GREEN
GRIEG SEAFOOD,NO0010365521,Oslo Bors,Compartment B,Norway,GSF
GRIFAL,IT0005332595,Euronext Growth Milan,Euronext Growth,Italy,GRAL
GROLLEAU,FR0014005ZM5,Euronext Growth Paris,Euronext Growth,France,ALGRO
GRONG SPAREBANK,NO0010636491,Euronext Growth Oslo,Euronext Growth,Norway,GRONG
GROUPE AIRWELL,FR0014003V77,Euronext Growth Paris,Euronext Growth,France,ALAIR
GROUPE CARNIVOR,FR0000076960,Euronext Access Paris,Euronext Access,France,MLGRC
GROUPE CRIT,FR0000036675,Euronext Paris,Compartment B,France,CEN
GROUPE ETPO SA,FR0000066219,Euronext Paris,Compartment C,France,INFE
GROUPE GUILLIN,FR0012819381,Euronext Growth Paris,Euronext Growth,France,ALGIL
GROUPE JAJ,FR0004010338,Euronext Paris,Compartment C,France,GJAJ
GROUPE LDLC,FR0000075442,Euronext Growth Paris,Euronext Growth,France,ALLDL
GROUPE OKWIND,FR0013439627,Euronext Growth Paris,Euronext Growth,France,ALOKW
GROUPE PARTOUCHE,FR0012612646,Euronext Paris,Compartment B,France,PARP
GROUPE PLUS-VALUES,FR0010529719,Euronext Access Paris,Euronext Access,France,MLPVG
GROUPE SFPI,FR0004155000,Euronext Paris,Compartment B,France,EKN
GROUPE TERA,FR0013429404,Euronext Growth Paris,Euronext Growth,France,ALGTR
GROUPIMO,FR0014000RP6,Euronext Growth Paris,Euronext Growth,France,ALIMO
GROWENS,IT0005040354,Euronext Growth Milan,Euronext Growth,Italy,GROW
GT TALENT GROUP,IT0005607699,Euronext Growth Milan,Euronext Growth,Italy,GT
GUERBET,FR0000032526,Euronext Paris,Compartment B,France,GBT
GUILLEMOT,FR0000066722,Euronext Paris,Compartment C,France,GUI
GVS,IT0005411209,Euronext Milan,Compartment B,Italy,GVS
GYLDENDAL,NO0004288200,Oslo Bors,Compartment C,Norway,GYL
HAFFNER ENERGY,FR0014007ND6,Euronext Growth Paris,Euronext Growth,France,ALHAF
HAIKI+,IT0005628778,Euronext Growth Milan,Euronext Growth,Italy,HIK
HAUGESUND SPB,NO0010764053,Oslo Bors,Compartment C,Norway,HGSB
HAULOTTE GROUP,FR0000066755,Euronext Paris,Compartment C,France,PIG
HAV GROUP ASA,NO0010931918,Euronext Growth Oslo,Euronext Growth,Norway,HAV
HAVAS,NL0015002AH0,Euronext Amsterdam,Compartment A,France,HAVAS
HAVILA KYSTRUTEN AS,NO0011045429,Euronext Growth Oslo,Euronext Growth,Norway,HKY
HAVILA SHIPPING,NO0010257728,Oslo Bors,Compartment C,Norway,HAVI
HAWICK DATA NV,NL0010556726,Euronext Amsterdam,Compartment C,Netherlands,HWK
HEALTH ITALIA,IT0005585861,Euronext Growth Milan,Euronext Growth,Italy,HI
HERIGE,FR0000066540,Euronext Growth Paris,Euronext Growth,France,ALHRG
HERMANA HOLDING ASA,NO0013401380,Oslo Bors,Compartment C,Norway,HERMA
HEXAGON COMPOSITES,NO0003067902,Oslo Bors,Compartment B,Norway,HEX
HEXAGON PURUS ASA,NO0010904923,Oslo Bors,Compartment B,Norway,HPUR
HEXAOM,FR0004159473,Euronext Growth Paris,Euronext Growth,France,ALHEX
HF COMPANY,FR0000038531,Euronext Growth Paris,Euronext Growth,France,ALHF
H-FARM,IT0004674666,Euronext Growth Milan,Euronext Growth,Italy,FARM
HIGH CO,FR0000054231,Euronext Paris,Compartment C,France,HCO
HIGH QUALITY FOOD,IT0005450694,Euronext Growth Milan,Euronext Growth,Italy,HQF
HIPAY GROUP,FR0012821916,Euronext Growth Paris,Euronext Growth,France,ALHYP
HITECHPROS,FR0010396309,Euronext Growth Paris,Euronext Growth,France,ALHIT
HOCHE BAINS L.BAIN,FR0000051302,Euronext Access Paris,Euronext Access,France,MLHBB
HOEGH AUTOLINERS ASA,NO0011082075,Oslo Bors,Compartment A,Norway,HAUTO
HOFFMANN,FR0013451044,Euronext Growth Paris,Euronext Growth,France,ALHGR
HOFSETH BIOCARE,NO0010598683,Oslo Bors,Compartment C,Norway,HBC
HØLAND OG SETSKOG,NO0010012636,Oslo Bors,Compartment C,Norway,HSPG
Holland Colours,NL0000440311,Euronext Amsterdam,Compartment C,Netherlands,HOLCO
HOME CONCEPT,FR0012336691,Euronext Access Paris,Euronext Access,France,MLHCF
HOPENING,FR0010312181,Euronext Access Paris,Euronext Access,France,MLHPE
HOPIUM,FR0014000U63,Euronext Growth Paris,Euronext Growth,France,ALHPI
HOPSCOTCH GROUPE,FR0000065278,Euronext Growth Paris,Euronext Growth,France,ALHOP
HORISONT ENERGI AS,NO0010917339,Euronext Growth Oslo,Euronext Growth,Norway,HRGI
HOT.MAJESTIC CANNE,FR0006226791,Euronext Access Paris,Euronext Access,France,MLHMC
HOTELES BESTPRICE,ES0105664009,Euronext Access Paris,Euronext Access,Spain,MLHBP
HOTELIM,FR0000053738,Euronext Access Paris,Euronext Access,France,MLHOT
HOTELS DE PARIS,FR0004165801,Euronext Paris,Compartment C,France,HDP
HOTL.IMMOB.NICE,FR0006563904,Euronext Access Paris,Euronext Access,France,MLHIN
HUDDLESTOCK FINTECH,NO0010859648,Euronext Growth Oslo,Euronext Growth,Norway,HUDL
HUDDLY AS,NO0013470534,Euronext Growth Oslo,Euronext Growth,Norway,HDLY
HUNTER GROUP,NO0012953720,Oslo Bors,Compartment C,Norway,HUNT
HUNYVERS,FR0014007LQ2,Euronext Growth Paris,Euronext Growth,France,ALHUN
HYDRATEC Gewone aandelen,NL0009391242,Euronext Amsterdam,Compartment C,Netherlands,HYDRA
HYDRAULIQUE HOLDING,FR0000064735,Euronext Access Paris,Euronext Access,France,MLHYD
HYDRO-EXPLOIT.,FR0005843125,Euronext Access Paris,Euronext Access,France,MLHYE
HYDROGENE DE FRANCE,FR0014003VY4,Euronext Paris,Compartment B,France,HDF
HYDROGENPRO ASA,NO0010892359,Oslo Bors,Compartment C,Norway,HYPRO
HYDROGEN-REFUELING-SOLUTIONS,FR0014001PM5,Euronext Growth Paris,Euronext Growth,France,ALHRS
HYLORIS,BE0974363955,Euronext Brussels,Compartment B,Belgium,HYL
HYNION AS,NO0010920945,Euronext Growth Oslo,Euronext Growth,Norway,HYN
I GRANDI VIAGGI,IT0005108219,Euronext Milan,Compartment C,Italy,IGV
I.CO.P.,IT0001214433,Euronext Growth Milan,Euronext Growth,Italy,ICOP
I.M.D. INTERNATIONAL MEDICAL DEVICES,IT0005549255,Euronext Growth Milan,Euronext Growth,Italy,IMD
I2S,FR0005854700,Euronext Growth Paris,Euronext Growth,France,ALI2S
Ibersol-SGPS,PTIBS0AM0008,Euronext Lisbon,Compartment B,Portugal,IBS
ICAPE HOLDING,FR001400A3Q3,Euronext Growth Paris,Euronext Growth,France,ALICA
ICELANDIC SALMON,NO0010724701,Euronext Growth Oslo,Euronext Growth,Norway,ISLAX
ID LOGISTICS GROUP,FR0010929125,Euronext Paris,Compartment A,France,IDL
IDEX BIOMETRICS,NO0013536078,Oslo Bors,Compartment C,Norway,IDXAF
IDI,FR0000051393,Euronext Paris,Compartment B,France,IDIP
IDS,FR0000079691,Euronext Access Paris,Euronext Access,France,MLIDS
IEP INVEST,BE0003748622,Euronext Brussels,Compartment C,Belgium,IEP
IKONISYS,FR00140048X2,Euronext Growth Paris,Euronext Growth,France,ALIKO
ILLA,IT0005578395,Euronext Growth Milan,Euronext Growth,Italy,ILLA
ILLIMITY BANK,IT0005359192,Euronext Milan,Compartment B,Italy,ILTY
ILPRA,IT0005359101,Euronext Growth Milan,Euronext Growth,Italy,ILP
IMALLIANCE,FR0010086371,Euronext Access Paris,Euronext Access,France,MLIML
IMEON ENERGY,FR001400QW73,Euronext Access Paris,Euronext Access,France,MLIME
IMM.PARIS.PERLE,FR0006859039,Euronext Access Paris,Euronext Access,France,MLIPP
IMMERSION,FR0013060100,Euronext Growth Paris,Euronext Growth,France,ALIMR
IMMOBEL,BE0003599108,Euronext Brussels,Compartment B,Belgium,IMMO
IMMSI,IT0001413837,Euronext Milan,Compartment B,Italy,IMS
Imob.Const.Grão Pará,PTGPA0AP0007,Euronext Lisbon,Compartment C,Portugal,GPA
IMPIANTI,IT0005518953,Euronext Growth Milan,Euronext Growth,Italy,MPT
IMPLANET,FR0013470168,Euronext Growth Paris,Euronext Growth,France,ALIMP
"Impresa, SGPS - Nom.",PTIPR0AM0000,Euronext Lisbon,Compartment C,Portugal,IPR
IMPRIMERIE CHIRAT,FR0000065773,Euronext Access Paris,Euronext Access,France,MLIMP
IMPULSE FITNESS SOLUTIONS S.A.,ES0105590006,Euronext Access Paris,Euronext Access,Spain,MLIFS
INCLUSIO SA/NV,BE0974374069,Euronext Brussels,Compartment C,Belgium,INCLU
INDEL B,IT0005245508,Euronext Milan,Compartment C,Italy,INDB
INDUCT,NO0010536048,Euronext Growth Oslo,Euronext Growth,Norway,INDCT
INDUSTRIE CHIMICHE FORESTALI,IT0005416281,Euronext Growth Milan,Euronext Growth,Italy,ICF
INDUSTRIE DE NORA,IT0005186371,Euronext Milan,Compartment B,Italy,DNR
INFOCLIP,FR0011158823,Euronext Access Paris,Euronext Access,France,MLIFC
INFOTEL,FR0000071797,Euronext Paris,Compartment B,France,INF
INIFY LABORATORIES AB,SE0017486103,Euronext Growth Oslo,Euronext Growth,Sweden,INIFY
ININ GROUP AS,NO0010864036,Euronext Growth Oslo,Euronext Growth,Norway,ININ
INIZIATIVE BRESCIANE,IT0005037905,Euronext Growth Milan,Euronext Growth,Italy,IB
INNATE PHARMA,FR0010331421,Euronext Paris,Compartment B,France,IDD
INNELEC MULTIMEDIA,FR0000064297,Euronext Growth Paris,Euronext Growth,France,ALINN
INNOVATEC,IT0005412298,Euronext Growth Milan,Euronext Growth,Italy,INC
INNOVATIVE RFK SPA,IT0005391161,Euronext Access Paris,Euronext Access,Italy,MLIRF
INSTABANK,NO0010762792,Euronext Growth Oslo,Euronext Growth,Norway,INSTA
INSTALLUX,FR0000060451,Euronext Growth Paris,Euronext Growth,France,ALLUX
INTEGRAGEN,FR0010908723,Euronext Growth Paris,Euronext Growth,France,ALINT
INTEGRATED WIND SOLUTIONS ASA,NO0013461350,Euronext Growth Oslo,Euronext Growth,Norway,IWS
INTEGRITAS VIAGER S.A.,FR0014003FN0,Euronext Access Paris,Euronext Access,France,MLVIE
INTERCOS,IT0005455875,Euronext Milan,Compartment A,Italy,ICOS
INTERNATIONAL CARE COMPANY,IT0005469371,Euronext Growth Milan,Euronext Growth,Italy,ICC
INTEROIL EXPLORATION AND PRODUCTION,NO0013119255,Oslo Bors,Compartment C,Norway,IOX
INTEXA,FR0000064958,Euronext Paris,Compartment C,France,ITXT
INTRASENSE,FR0011179886,Euronext Growth Paris,Euronext Growth,France,ALINS
INTRED,IT0005337818,Euronext Growth Milan,Euronext Growth,Italy,ITD
INVENTIVA,FR0013233012,Euronext Paris,Compartment B,France,IVA
INVIBES ADVERTISING N.V.,BE0974299316,Euronext Growth Paris,Euronext Growth,Belgium,ALINV
ION BEAM APPLICATIONS,BE0003766806,Euronext Brussels,Compartment B,Belgium,IOBCF
IPSOS,FR0000073298,Euronext Paris,Compartment A,France,IPZ
IRCE,IT0001077780,Euronext Milan,Compartment C,Italy,IRC
IRISH CONTINENTAL GROUP PLC,IE00BLP58571,Euronext Dublin,Compartment B,Ireland,IR5B
ISCC FINTECH,IT0005474108,Euronext Growth Milan,Euronext Growth,Italy,ISC
ISPD NETWORK,ES0109429037,Euronext Growth Paris,Euronext Growth,Spain,ALISP
IT LINK,FR0000072597,Euronext Growth Paris,Euronext Growth,France,IL8
IT WAY,IT0003057624,Euronext Milan,Compartment C,Italy,ITW
ITALIAN EXHIBITION GROUP,IT0003411417,Euronext Milan,Compartment C,Italy,IEG
ITALIAN WINE BRANDS,IT0005075764,Euronext Growth Milan,Euronext Growth,Italy,IWB
ITALMOBILIARE,IT0005253205,Euronext Milan,Compartment A,Italy,ITM
ITALY INNOVAZIONI,IT0005336521,Euronext Access Paris,Euronext Access,Italy,MLITN
ITERA,NO0010001118,Oslo Bors,Compartment C,Norway,ITERA
IVECO GROUP,NL0015000LU4,Euronext Milan,Compartment A,Netherlands,IVG
IVISION TECH,IT0005554784,Euronext Growth Milan,Euronext Growth,Italy,IVN
JACQUES BOGART,FR0012872141,Euronext Paris,Compartment C,France,JBOG
JACQUET METALS,FR0000033904,Euronext Paris,Compartment B,France,JCQ
JÆREN SPAREBANK,NO0010359433,Oslo Bors,Compartment C,Norway,JAREN
JENSEN-GROUP,BE0003858751,Euronext Brussels,Compartment B,Belgium,JEN
JUNGLE21 S.A.,ES0105636007,Euronext Access Paris,Euronext Access,Spain,MLJ21
JUVENTUS FC,IT0005572778,Euronext Milan,Compartment B,Italy,JUVE
KALDVIK AS,NO0010884794,Euronext Growth Oslo,Euronext Growth,Norway,KLDVK
KALRAY,FR0010722819,Euronext Growth Paris,Euronext Growth,France,ALKAL
KAUFMAN ET BROAD,FR0004007813,Euronext Paris,Compartment B,France,KOF
KENDRION N.V.,NL0000852531,Euronext Amsterdam,Compartment B,Netherlands,KENDR
KENMARE RESOURCES PLC,IE00BDC5DG00,Euronext Dublin,Compartment B,Ireland,KMR
KERLINK,FR0013156007,Euronext Growth Paris,Euronext Growth,France,ALKLK
KEYRUS,FR0004029411,Euronext Growth Paris,Euronext Growth,France,ALKEY
Keyware Technologies,BE0003880979,Euronext Brussels,Compartment C,Belgium,KY3A
KID,NO0010743545,Oslo Bors,Compartment B,Norway,KID
KINEPOLIS GROUP,BE0974274061,Euronext Brussels,Compartment A,Belgium,KIN
KITRON,NO0003079709,Oslo Bors,Compartment B,Norway,KIT
KKO INTERNATIONAL,FR0013374667,Euronext Growth Paris,Euronext Growth,France,ALKKO
KLARSEN,FR0011038348,Euronext Growth Paris,Euronext Growth,France,ALKLA
KLAVENESS COMBINATION CARRIERS,NO0010833262,Oslo Bors,Compartment B,Norway,KCC
KLEA HOLDING,FR0013481835,Euronext Growth Paris,Euronext Growth,France,ALKLH
KMC PROPERTIES ASA,NO0010360175,Oslo Bors,Compartment B,Norway,KMCP
KME GROUP,IT0004552359,Euronext Milan,Compartment B,Italy,KME
KOMPLETT ASA,NO0011016040,Oslo Bors,Compartment C,Norway,GJ60
KONGSBERG AUTOMOTIVE,NO0003033102,Oslo Bors,Compartment B,Norway,KOA
Koninklijke BAM Groep N.V.,NL0000337319,Euronext Amsterdam,Compartment B,Netherlands,BAMNB
KONINKLIJKE PORCELEYNE FLES,NL0000378669,Euronext Amsterdam,Compartment C,Netherlands,PORF
KRAFT BANK ASA,NO0010815103,Euronext Growth Oslo,Euronext Growth,Norway,KRAB
KRUSO KAPITAL,IT0005573800,Euronext Growth Milan,Euronext Growth,Italy,KK
KUMULUS VAPE,FR0013419876,Euronext Growth Paris,Euronext Growth,France,ALVAP
L.D.C.,FR001400SF56,Euronext Paris,Compartment A,France,LOUP
LA SIA,IT0005555468,Euronext Growth Milan,Euronext Growth,Italy,LASIA
LABORATOIRES EUROMEDIS,FR0000075343,Euronext Growth Paris,Euronext Growth,France,ALEMG
LABORATORIO FARMACEUTICO ERFO,IT0005497885,Euronext Growth Milan,Euronext Growth,Italy,ERFO
LACROIX GROUP,FR0000066607,Euronext Paris,Compartment C,France,LCRXF
L'AGENCE AUTOMOBILIERE S.A.,FR0014005WE9,Euronext Access Paris,Euronext Access,France,MLAA
LANDI RENZO,IT0005619843,Euronext Milan,Compartment C,Italy,LNDR
LANSON-BCC,FR0004027068,Euronext Growth Paris,Euronext Growth,France,ALLAN
LARGO,FR0013308582,Euronext Growth Paris,Euronext Growth,France,ALLGO
LATECOERE,FR001400JY13,Euronext Paris,Compartment B,France,LAT
LAURENT-PERRIER,FR0006864484,Euronext Paris,Compartment B,France,LPE
LAVIDE HOLDING,NL0010545679,Euronext Amsterdam,Compartment C,Netherlands,LVIDE
LEBON,FR0000121295,Euronext Growth Paris,Euronext Growth,France,ALBON
LECTRA,FR0000065484,Euronext Paris,Compartment A,France,LSS
LEMON SISTEMI,IT0005573438,Euronext Growth Milan,Euronext Growth,Italy,LS
LEONE FILM GROUP,IT0004973696,Euronext Growth Milan,Euronext Growth,Italy,LFG
LEPERMISLIBRE S.A.,FR001400F2Z1,Euronext Growth Paris,Euronext Growth,France,ALLPL
LES HOTELS BAVEREZ,FR0007080254,Euronext Growth Paris,Euronext Growth,France,ALLHB
LEXIBOOK LINGUIST.,FR0000033599,Euronext Growth Paris,Euronext Growth,France,ALLEX
LHYFE S.A.,FR0014009YQ1,Euronext Paris,Compartment B,France,LHYFE
LIFECARE ASA,NO0013355859 ,Oslo Bors,Compartment C,Norway,
LIGHTON,FR0013230950,Euronext Growth Paris,Euronext Growth,France,ALTAI
LINDBERGH,IT0005469272,Euronext Growth Milan,Euronext Growth,Italy,LDB
LINEDATA SERVICES,FR0004156297,Euronext Paris,Compartment B,France,LIN
LINK MOBILITY GROUP HOLDING,NO0010894231,Oslo Bors,Compartment B,Norway,LINK
LISI,FR0000050353,Euronext Paris,Compartment A,France,FII
"LITHO FORMAS, SA",PTLIT0AE0005,Euronext Access Lisbon,Euronext Access,Portugal,LIT
LITIX,IT0005600801,Euronext Growth Milan,Euronext Growth,Italy,LTX
LLAMA GROUP,BE0974334667,Euronext Growth Paris,Euronext Growth,Belgium,ALLAM
LLEIDA,ES0105089009,Euronext Growth Paris,Euronext Growth,Spain,LLN
LNA SANTE,FR0004170017,Euronext Paris,Compartment B,France,LNA
LOCASYSTEM INTL,FR0004155208,Euronext Access Paris,Euronext Access,France,MLLOI
LOGIC INSTRUMENT,FR0000044943,Euronext Growth Paris,Euronext Growth,France,ALLOG
LOKOTECH GROUP AS,NO0010921299,Euronext Growth Oslo,Euronext Growth,Norway,LOKO
LOMBARD ET MEDOT,FR0006205019,Euronext Access Paris,Euronext Access,France,MLCAC
LONGINO&CARDENAL,IT0005337073,Euronext Growth Milan,Euronext Growth,Italy,LON
LOUIS HACHETTE GROUP,FR001400TL40,Euronext Growth Paris,Euronext Growth,France,ALHG
LUCIBEL,FR0011884378,Euronext Growth Paris,Euronext Growth,France,ALUCI
LUCISANO MEDIA GROUP,IT0004522162,Euronext Growth Milan,Euronext Growth,Italy,LMG
LUMI GRUPPEN AS,NO0010927288,Euronext Growth Oslo,Euronext Growth,Norway,LUMI
LUMIBIRD,FR0000038242,Euronext Paris,Compartment B,France,LBIRD
LUVE,IT0005107492,Euronext Milan,Compartment B,Italy,LUVE
LYTIX BIOPHARMA AS,NO0010405780,Euronext Growth Oslo,Euronext Growth,Norway,LYTIX
M VEST WATER AS,NO0010976343,Euronext Growth Oslo,Euronext Growth,Norway,MVW
MAAT PHARMA,FR0012634822,Euronext Paris,Compartment C,France,MAAT
MACOMPTA.FR,FR001400NQB6,Euronext Access Paris,Euronext Access,France,MLMCA
MADE,FR0010328302,Euronext Access Paris,Euronext Access,France,MLMAD
MAGILLEM DESIGN SERVICES,FR0010827741,Euronext Access Paris,Euronext Access,France,MLMGL
MAGIS,IT0005525347,Euronext Growth Milan,Euronext Growth,Italy,MGS
MAGNORA,NO0010187032,Oslo Bors,Compartment B,Norway,MGN
MAIRE,IT0004931058,Euronext Milan,Compartment A,Italy,3OY1
MAISON CLIO BLUE,FR0011092089,Euronext Access Paris,Euronext Access,France,MLCLI
MAISONS DU MONDE,FR0013153541,Euronext Paris,Compartment B,France,MDM
MAKING SCIENCE GROUP S.A.,ES0105463006,Euronext Growth Paris,Euronext Growth,Spain,MAKS
MALIN CORPORATION PLC,IE00BVGC3741,Euronext Growth Dublin,Euronext Growth,Ireland,MLC
MALTERIES FCO-BEL.,FR0000030074,Euronext Paris,Compartment B,France,MALT
MANITOU BF,FR0000038606,Euronext Paris,Compartment B,France,MTU
MAPS,IT0005364333,Euronext Growth Milan,Euronext Growth,Italy,MAPS
MARE ENGINEERING GROUP,IT0005588626,Euronext Growth Milan,Euronext Growth,Italy,MARE
MARE NOSTRUM,FR0013400835,Euronext Growth Paris,Euronext Growth,France,ALMAR
MARIE BRIZARD WINE AND SPIRITS,FR0000060873,Euronext Paris,Compartment B,France,MBWS
MARR,IT0003428445,Euronext Milan,Compartment B,Italy,MARR
"Martifer, SGPS, SA",PTMFR0AM0003,Euronext Lisbon,Compartment C,Portugal,MAR
MARZOCCHI POMPE,IT0004376858,Euronext Growth Milan,Euronext Growth,Italy,MARP
MASI AGRICOLA,IT0004125677,Euronext Growth Milan,Euronext Growth,Italy,MASI
MÅSØVAL AS,NO0010974983,Euronext Growth Oslo,Euronext Growth,Norway,MAS
MASTRAD,FR0004155687,Euronext Growth Paris,Euronext Growth,France,ALMAS
MATICA FINTEC,IT0005388449,Euronext Growth Milan,Euronext Growth,Italy,MFT
MATVAREEXPRESSEN AS,NO0013008664,Euronext Growth Oslo,Euronext Growth,Norway,MVE
MAUNA KEA TECHNOLOGIES S.A.,FR0010609263,Euronext Growth Paris,Euronext Growth,France,ALMKT
MAUREL ET PROM,FR0000051070,Euronext Paris,Compartment A,France,MRELF
MAZARO,BE0974404361,Euronext Access Brussels,Euronext Access,Belgium,MLMAZ
MCPHY ENERGY,FR0011742329,Euronext Growth Paris,Euronext Growth,France,ALMCP
MEDIA 6,FR0000064404,Euronext Paris,Compartment C,France,EDI
MEDIA CAPITAL,PTGMC0AM0003,Euronext Lisbon,Compartment C,Portugal,MCP
MEDIA LAB,IT0005324105,Euronext Access Paris,Euronext Access,Italy,MLLAB
MEDIAN TECHNOLOGIES,FR0011049824,Euronext Growth Paris,Euronext Growth,France,ALMDT
MEDINCELL S.A.,FR0004065605,Euronext Paris,Compartment B,France,MEDCL
MEDISTIM,NO0010159684,Oslo Bors,Compartment B,Norway,MEDI
MEGLIOQUESTO,IT0005450173,Euronext Growth Milan,Euronext Growth,Italy,MQSPA
MELHUS SPAREBANK,NO0006001908,Oslo Bors,Compartment C,Norway,MELG
MEMSCAP REGPT,FR0010298620,Euronext Paris,Compartment C,France,MEMS
MERSEN,FR0000039620,Euronext Paris,Compartment B,France,MRN
MET.EXTRA GROUP,IT0005481855,Euronext Milan,Compartment C,Italy,MET
Metalliance,FR0010492181,Euronext Access Paris,Euronext Access,France,MLETA
METAVISIO (THOMSON COMPUTING),FR00140066X4,Euronext Growth Paris,Euronext Growth,France,ALTHO
METHANOR,FR0011217710,Euronext Growth Paris,Euronext Growth,France,ALMET
METRICS IN BALANCE,BE0974328602,Euronext Access Paris,Euronext Access,Belgium,MLMIB
METRIKS AI,IT0005651481,Euronext Growth Milan,Euronext Growth,Italy,MTK
METROPOLE TV,FR0000053225,Euronext Paris,Compartment A,France,MMT
MEVIM,IT0005586950,Euronext Growth Milan,Euronext Growth,Italy,MEV
MEXEDIA S.P.A,IT0005450819,Euronext Growth Paris,Euronext Growth,Italy,ALMEX
MFE B,NL0015001OJ9,Euronext Milan,Compartment A,Netherlands,MFEB
MG INTERNATIONAL,FR0010204453,Euronext Growth Paris,Euronext Growth,France,ALMGI
MGI DIGITAL GRAPHI,FR0010353888,Euronext Growth Paris,Euronext Growth,France,ALMDG
MIGUET ET ASSOCIES,FR0010500363,Euronext Access Paris,Euronext Access,France,MLNMA
MIKO,BE0003731453,Euronext Brussels,Compartment C,Belgium,MIKO
MILIBOO,FR0013053535,Euronext Growth Paris,Euronext Growth,France,ALMLB
MINCON GROUP PLC,IE00BD64C665,Euronext Growth Dublin,Euronext Growth,Ireland,MIO
MINT,FR0004172450,Euronext Growth Paris,Euronext Growth,France,ALMIN
MISITANO & STRACUZZI,IT0005603078,Euronext Growth Milan,Euronext Growth,Italy,MS
MIT SIM,IT0005427510,Euronext Growth Milan,Euronext Growth,Italy,MTS
MKB Nedsense N.V.,NL0009312842,Euronext Amsterdam,Compartment C,Netherlands,NEDSE
MOLTIPLY GROUP,IT0004195308,Euronext Milan,Compartment A,Italy,MOL
MON COURTIER ENERGIE GROUPE S.A.,FR001400H3A0,Euronext Growth Paris,Euronext Growth,France,ALMCE
MONCEY (FIN.) NOM.,FR001400SU99,Euronext Paris,Compartment A,France,FMONC
MONDADORI EDIT,IT0001469383,Euronext Milan,Compartment B,Italy,MN
MONDO TV,IT0001447785,Euronext Milan,Compartment C,Italy,MJE
MONDO TV France,FR0014011ND8,Euronext Growth Paris,Euronext Growth,France,MTVFR
MONNALISA,IT0005338139,Euronext Growth Milan,Euronext Growth,Italy,MNL
MONUMENTAL RESIDENCE,PTMNN0AE0006,Euronext Access Lisbon,Euronext Access,Portugal,MLMR
MOPOLI,NL0000488153,Euronext Brussels,Compartment C,Netherlands,MOP
MORROW BANK ASA,NO0010694029,Oslo Bors,Compartment C,Norway,MOBA
MOTA ENGIL,PTMEN0AE0005,Euronext Lisbon,Compartment A,Portugal,EGL
MOULINVEST,FR0011033083,Euronext Growth Paris,Euronext Growth,France,ALMOU
MOURY CONSTRUCT,BE0003602134,Euronext Brussels,Compartment B,Belgium,MOUR
MPC CONTAINER SHIPS,NO0010791353,Oslo Bors,Compartment B,Norway,MPCC
MPC ENERGY SOLUTIONS N.V.,NL0015268814,Euronext Growth Oslo,Euronext Growth,Netherlands,MPCES
MR BRICOLAGE,FR0004034320,Euronext Growth Paris,Euronext Growth,France,ALMRB
MULTICONSULT,NO0010734338,Oslo Bors,Compartment B,Norway,MULTI
MUNIC,FR0013462231,Euronext Growth Paris,Euronext Growth,France,ALMUN
"MUTTER VENTURES, S.A.",ES0105697009,Euronext Access Paris,Euronext Access,Spain,MLMUT
MYHOTELMATCH,FR001400IE67,Euronext Paris,Compartment C,France,MHM
NACON,FR0013482791,Euronext Paris,Compartment C,France,NACON
NAMR,FR0014003J32,Euronext Growth Paris,Euronext Growth,France,ALNMR
NANOBIOTIX,FR0011341205,Euronext Paris,Compartment B,France,NANO
NAPATECH,DK0060520450,Oslo Bors,Compartment C,Denmark,NAPA
NAVAMEDIC,NO0010205966,Oslo Bors,Compartment C,Norway,NAVA
NEDAP,NL0000371243,Euronext Amsterdam,Compartment B,Netherlands,NEDAP
NEKKAR,NO0003049405,Oslo Bors,Compartment C,Norway,NKR
NEL,NO0010081235,Oslo Bors,Compartment A,Norway,NEL
NEODECORTECH,IT0005275778,Euronext Milan,Compartment C,Italy,NDT
NEOLIFE,FR0011636083,Euronext Growth Paris,Euronext Growth,France,ALNLF
NEOSPERIENCE,IT0005497018,Euronext Growth Milan,Euronext Growth,Italy,NSP
NEOVACS,FR0014010856 ,Euronext Growth Paris,Euronext Growth,France,
NETGEM,FR0004154060,Euronext Growth Paris,Euronext Growth,France,NGP
NETMEDIA GROUP,FR001400RF99,Euronext Growth Paris,Euronext Growth,France,ALNMG
NETWEEK,IT0005545675,Euronext Milan,Compartment C,Italy,NTW
NEUFCOUR-FIN.,BE0003680916,Euronext Access Brussels,Euronext Access,Belgium,MLNEU
NEURONES,FR0004050250,Euronext Paris,Compartment B,France,NE9
NEUROSOFT,GRS802003004,Euronext Growth Milan,Euronext Growth,Greece,NRST
New Sources Energy N.V.,NL0009822014,Euronext Amsterdam,Compartment C,Netherlands,NSE
NEWPRINCES,IT0005385213,Euronext Milan,Compartment B,Italy,NWL
NEWTREE,BE0003832491,Euronext Access Brussels,Euronext Access,Belgium,NEWT
NEXITY,FR0010112524,Euronext Paris,Compartment B,France,NXI
NEXT BIOMETRICS GROUP,NO0010629108,Oslo Bors,Compartment C,Norway,NEXT
NEXT GEOSOLUTIONS EUROPE,IT0005594418,Euronext Growth Milan,Euronext Growth,Italy,NXT
NEXTEDIA,FR0004171346,Euronext Growth Paris,Euronext Growth,France,ALNXT
NFL BIOSCIENCES S.A.,FR0014003XT0,Euronext Growth Paris,Euronext Growth,France,ALNFL
NICOX S.A.,FR0013018124,Euronext Growth Paris,Euronext Growth,France,NXOA
NIDAROS SPAREBANK,NO0010733082,Euronext Growth Oslo,Euronext Growth,Norway,NISB
NORAM DRILLING AS,NO0010360019,Euronext Growth Oslo,Euronext Growth,Norway,NORAM
NORBIT,NO0010856511,Oslo Bors,Compartment B,Norway,NORBT
NORCOD,NO0010892912,Euronext Growth Oslo,Euronext Growth,Norway,NCOD
NORCONSULT ASA,NO0013052209,Oslo Bors,Compartment B,Norway,NORCO
NORDHEALTH AS A-AKSJER,NO0011002651,Euronext Growth Oslo,Euronext Growth,Norway,NORDH
NORDIC AQUA PARTNERS AS,NO0012928805,Euronext Growth Oslo,Euronext Growth,Norway,NOAP
NORDIC FINANCIALS ASA,NO0012958539,Oslo Bors,Compartment C,Norway,NOFIN
NORDIC HALIBUT AS,NO0003058109,Euronext Growth Oslo,Euronext Growth,Norway,NOHAL
NORDIC MINING,NO0013162693,Oslo Bors,Compartment C,Norway,NOM
NORDIC TECHNOLOGY GROUP AS,NO0011018434,Euronext Growth Oslo,Euronext Growth,Norway,NTG
NORSE ATLANTIC ASA,NO0012885252,Oslo Bors,Compartment B,Norway,NORSE
NORSK TITANIUM AS,NO0010969108,Euronext Growth Oslo,Euronext Growth,Norway,NTI
NORSKE SKOG,NO0010861115,Oslo Bors,Compartment B,Norway,NSKOG
NORTEM BIOGROUP,ES0105719001,Euronext Access Paris,Euronext Access,Spain,MLBIO
NORTH ENERGY,NO0010550056,Oslo Bors,Compartment C,Norway,NORTH
NORWEGIAN AIR SHUTTLE,NO0010196140,Oslo Bors,Compartment B,Norway,NAS
NORWEGIAN BLOCK EXCHANGE AS,NO0010984966,Euronext Growth Oslo,Euronext Growth,Norway,NBX
"NOS, SGPS, SA",PTZON0AM0006,Euronext Lisbon,Compartment A,Portugal,PMV
NOTORIOUS PICTURES,IT0005025355,Euronext Growth Milan,Euronext Growth,Italy,NPI
"Novabase, SGPS - Nom.",PTNBA0AM0006,Euronext Lisbon,Compartment C,Portugal,NBA
NOVACYT,FR0010397232,Euronext Growth Paris,Euronext Growth,France,ALNOV
NOVAMARINE,IT0005605701,Euronext Growth Milan,Euronext Growth,Italy,NOVA
NOVATECH IND.,FR0000185464,Euronext Access Paris,Euronext Access,France,MLNOV
NR 21,FR0014001PV6,Euronext Paris,Compartment C,France,0GTS
NRC GROUP,NO0003679102,Oslo Bors,Compartment C,Norway,NRC
NRJ GROUP,FR0000121691,Euronext Paris,Compartment B,France,NRG
NSC GROUPE,FR0000064529,Euronext Growth Paris,Euronext Growth,France,ALNSC
NSE,FR0004065639,Euronext Growth Paris,Euronext Growth,France,ALNSE
NUSCO,IT0005453110,Euronext Growth Milan,Euronext Growth,Italy,NUS
NX FILTRATION N.V.,NL0015000D50,Euronext Amsterdam,Compartment B,Netherlands,NXFIL
NYKODE THERAPEUTICS ASA,NO0010714785,Oslo Bors,Compartment B,Norway,NYKD
NYRSTAR,BE0974294267,Euronext Brussels,Compartment C,Belgium,NYR
NYXOAH SA,BE0974358906,Euronext Brussels,Compartment C,Belgium,NYXH
OBIZ S.A.,FR0014003711,Euronext Growth Paris,Euronext Growth,France,ALBIZ
OBSERVE MEDICAL,NO0013457952,Euronext Expand Oslo,Compartment C,Norway,OBSRV
OCEAN GEOLOOP AS,NO0010914641,Euronext Growth Oslo,Euronext Growth,Norway,OCEAN
OCEAN SUN,NO0010887565,Euronext Growth Oslo,Euronext Growth,Norway,OSUN
OCTOPUS BIOSAFETY,FR0013310281,Euronext Access Paris,Euronext Access,France,MLOCT
ODFJELL SER. A,NO0003399909,Oslo Bors,Compartment B,Norway,ODF
ODIOT HOLDING,FR0014010DV3,Euronext Access Paris,Euronext Access,France,MLODT
Odyssée Technologies S.A.,FR001400U4P9,Euronext Growth Paris,Euronext Growth,France,ALODY
OENEO,FR0000052680,Euronext Paris,Compartment B,France,SBT
OFFICINA STELLARE,IT0005374035,Euronext Growth Milan,Euronext Growth,Italy,OS
OKEA,NO0010816895,Oslo Bors,Compartment B,Norway,OKEA
OLAV THON EIENDOMSSELSKAP,NO0005638858,Oslo Bors,Compartment A,Norway,OLT
OLIDATA,IT0005634610,Euronext Milan,Compartment C,Italy,OLI
OMDA AS,NO0010894512,Euronext Growth Oslo,Euronext Growth,Norway,OMDA
OMER,IT0005453748,Euronext Growth Milan,Euronext Growth,Italy,OMER
OMER-DECUGIS & CIE,FR0014003T71,Euronext Growth Paris,Euronext Growth,France,ALODC
ONCODESIGN PRECISION MEDICINE,FR001400CM63,Euronext Growth Paris,Euronext Growth,France,ALOPM
Oncoinvent,NO0010779341	,Euronext Growth Oslo,Euronext Growth,Norway	,
ONE EXPERIENCE,FR0013266772,Euronext Growth Paris,Euronext Growth,France,ALEXP
ONLINEFORMAPRO,FR0004174712,Euronext Access Paris,Euronext Access,France,MLONL
ONTEX GROUP,BE0974276082,Euronext Brussels,Compartment B,Belgium,ONTEX
ONWARD MEDICAL,NL0015000HT4,Euronext Brussels,Compartment C,Netherlands,ONWD
OPMOBILITY,FR0000124570,Euronext Paris,Compartment A,France,OPM
ORANGE BELGIUM,BE0003735496,Euronext Brussels,Compartment B,Belgium,MOS
ORDISSIMO,FR0013318052,Euronext Growth Paris,Euronext Growth,France,ALORD
OREGE,FR0010609206,Euronext Paris,Compartment C,France,OREGE
ORIGIN ENTERPRISES PLC,IE00B1WV4493,Euronext Growth Dublin,Euronext Growth,Ireland,OGN
ORSERO,IT0005138703,Euronext Milan,Compartment B,Italy,ORS
OSAI AUTOMATION SYSTEM,IT0005424830,Euronext Growth Milan,Euronext Growth,Italy,OSA
OSE IMMUNOTHERAPEUTICS,FR0012127173,Euronext Paris,Compartment C,France,OSE
OSMOSUN S.A.,FR001400IUV6,Euronext Growth Paris,Euronext Growth,France,ALWTR
OTELLO CORPORATION,NO0010040611,Oslo Bors,Compartment C,Norway,OTEC
OTOFARMA,IT0005663361 ,Euronext Growth Milan,Euronext Growth,Italy,
OTOVO ASA,NO0010809783,Oslo Bors,Compartment C,Norway,OTOVO
OVH,FR0014005HJ9,Euronext Paris,Compartment A,France,OVH
OVS,IT0005043507,Euronext Milan,Compartment B,Italy,OVS
OXURION,BE0974487192,Euronext Brussels,Compartment C,Belgium,OXUR
PACTE NOVATION,FR0000077992,Euronext Access Paris,Euronext Access,France,MLPAC
PALINGEO,IT0005575730,Euronext Growth Milan,Euronext Growth,Italy,PAL
PANORO ENERGY,NO0010564701,Oslo Bors,Compartment B,Norway,PEN
PARETO BANK,NO0010397581,Oslo Bors,Compartment B,Norway,PARB
PARROT,FR0004038263,Euronext Paris,Compartment C,France,PAOTF
PART.INDLES MINI.,FR0006823092,Euronext Access Paris,Euronext Access,France,MLHOP
PARX MATERIALS NV,NL0012650535,Euronext Access Paris,Euronext Access,Netherlands,MLPRX
PASQUARELLI AUTO,IT0005546319,Euronext Growth Milan,Euronext Growth,Italy,PSQ
PASSAT,FR0000038465,Euronext Paris,Compartment C,France,PSAT
PATTERN,IT0005378143,Euronext Growth Milan,Euronext Growth,Italy,PTR
PAULIC MEUNERIE,FR0013479730,Euronext Growth Paris,Euronext Growth,France,ALPAU
PB HOLDING N.V.,NL0000336303,Euronext Amsterdam,Compartment C,Netherlands,PBH
PCI BIOTECH HOLDING,NO0010405640,Oslo Bors,Compartment C,Norway,PCIB
PERMANENT TSB GROUP HOLDINGS PLC,IE00BWB8X525,Euronext Dublin,Compartment B,Ireland,PTSB
PERRIER (GERARD),FR0000061459,Euronext Paris,Compartment B,France,PERR
PET SERVICE HOLDING N.V.,NL0015001HZ9,Euronext Growth Paris,Euronext Growth,Netherlands,MLPET
PETROLIA,CY0102630916,Oslo Bors,Compartment C,Cyprus,PSE
PETRONOR E&P ASA,NO0012942525,Oslo Bors,Compartment C,Norway,PNOR
PEUGEOT INVEST,FR0000064784,Euronext Paris,Compartment A,France,PEUG
PEXIP HOLDING,NO0010840507,Oslo Bors,Compartment B,Norway,PEXIP
PHARMANUTRA,IT0005274094,Euronext Milan,Compartment B,Italy,PHN
PHARMING GROUP,NL0010391025,Euronext Amsterdam,Compartment B,Netherlands,PHGN
"PHarol, SGPS, SA",PTPTC0AM0009,Euronext Lisbon,Compartment C,Portugal,PTCA
PHAXIAM THERAPEUTICS,FR001400K4B1,Euronext Paris,Compartment C,France,PHXM
PHILLY SHIPYARD,NO0010395577,Oslo Bors,Compartment C,Norway,PHLY
PHILOGEN,IT0005373789,Euronext Milan,Compartment B,Italy,PHIL
PHONE WEB,FR0000185480,Euronext Access Paris,Euronext Access,France,MLPHW
PHOTOCURE,NO0010000045,Oslo Bors,Compartment C,Norway,PHS
PHOTONIKE CAPITAL,BE0948608451,Euronext Access Paris,Euronext Access,Belgium,MLPHO
PIAGGIO,IT0003073266,Euronext Milan,Compartment B,Italy,PIA
PIERRE VACANCES,FR0000073041,Euronext Paris,Compartment B,France,PV6
PININFARINA SPA,IT0003056386,Euronext Milan,Compartment C,Italy,PINF
PIQUADRO,IT0004240443,Euronext Milan,Compartment C,Italy,PQ
PISCINES DESJOYAUX,FR0000061608,Euronext Growth Paris,Euronext Growth,France,ALPDX
PLACOPLATRE,FR0000030769,Euronext Access Paris,Euronext Access,France,MLPLC
PLANETEL,IT0005430951,Euronext Growth Milan,Euronext Growth,Italy,PLN
PLANISWARE,FR001400PFU4,Euronext Paris,Compartment A,France,PLNW
PLANT ADVANCED,FR0010785790,Euronext Growth Paris,Euronext Growth,France,ALPAT
PLAST.VAL LOIRE,FR0013252186,Euronext Paris,Compartment C,France,PVL
PLASTICOS COMPUESTOS S.A. (KOMPUESTOS),ES0105425005,Euronext Growth Paris,Euronext Growth,Spain,KOM
PLC,IT0005339160,Euronext Milan,Compartment C,Italy,PLC
POLARIS MEDIA,NO0010466022,Oslo Bors,Compartment B,Norway,POL2
POLIGHT,NO0012535832,Oslo Bors,Compartment C,Norway,PLT
POLIGRAFICI PRINTING,IT0004587470,Euronext Growth Milan,Euronext Growth,Italy,POPR
PORTO AVIATION GROUP,IT0005545238,Euronext Growth Milan,Euronext Growth,Italy,PAG
PORTOBELLO,IT0005337495,Euronext Growth Milan,Euronext Growth,Italy,POR
POSTNL,NL0009739416,Euronext Amsterdam,Compartment B,Netherlands,PNL
POUJOULAT,FR0000066441,Euronext Growth Paris,Euronext Growth,France,ALPJT
POULAILLON,FR0013015583,Euronext Growth Paris,Euronext Growth,France,ALPOU
POWERSOFT,IT0005353815,Euronext Growth Milan,Euronext Growth,Italy,PWS
POXEL,FR0012432516,Euronext Paris,Compartment C,France,POXEL
POZZI MILANO,IT0005499949,Euronext Growth Milan,Euronext Growth,Italy,POZ
PREATONI GROUP,FR001400WXE7,Euronext Access Paris,Euronext Access,France,
PRECIA,FR0014004EC4,Euronext Growth Paris,Euronext Growth,France,ALPM
PREDICT,IT0005611071,Euronext Growth Milan,Euronext Growth,Italy,PRE
PREDILIFE,FR0010169920,Euronext Growth Paris,Euronext Growth,France,ALPRE
PREMIA FINANCE,IT0005442154,Euronext Growth Milan,Euronext Growth,Italy,PFI
PRISMAFLEX INTL,FR0004044600,Euronext Growth Paris,Euronext Growth,France,ALPRI
PROACTIS SA,FR0004052561,Euronext Paris,Compartment C,France,PROAC
PRODWARE,FR0010313486,Euronext Growth Paris,Euronext Growth,France,ALPRO
PRODWAYS GROUP,FR0012613610,Euronext Growth Paris,Euronext Growth,France,ALPWG
PROLOGUE,FR0010380626,Euronext Growth Paris,Euronext Growth,France,ALPRG
PROMOTICA,IT0005425365,Euronext Growth Milan,Euronext Growth,Italy,PMT
PROPRIETE IMMEUBLES,FR0000061376,Euronext Access Paris,Euronext Access,France,MLPRI
PROSAFE,NO0010861990,Oslo Bors,Compartment C,Norway,PRS
PROTECTOR FORSIKRING,NO0010209331,Oslo Bors,Compartment A,Norway,PROT
PROXIMAR SEAFOOD AS,NO0010893902,Euronext Growth Oslo,Euronext Growth,Norway,PROXI
PROXIMUS,BE0003810273,Euronext Brussels,Compartment A,Belgium,PROX
PRYME N.V.,NL0015002E73,Euronext Growth Oslo,Euronext Growth,Netherlands,PRYME
PUBLIC PROPERTY INVEST ASA,NO0013178616,Oslo Bors,Compartment B,Norway,PUBLI
PULLUP ENTERTAINMENT,FR0012419307,Euronext Growth Paris,Euronext Growth,France,ALPUL
PYRUM INNOVATIONS AG,DE000A2G8ZX8,Euronext Growth Oslo,Euronext Growth,Germany,PYRUM
QUADIENT S.A.,FR0000120560,Euronext Paris,Compartment B,France,QDT
QUANTUM GENOMICS,FR0011648971,Euronext Growth Paris,Euronext Growth,France,ALQGC
QWAMPLIFY,FR0010889386,Euronext Growth Paris,Euronext Growth,France,ALQWA
RACING FORCE,IT0005466963,Euronext Growth Milan,Euronext Growth,Italy,RFG
RADICI,IT0005379737,Euronext Growth Milan,Euronext Growth,Italy,RAD
RAI WAY,IT0005054967,Euronext Milan,Compartment A,Italy,RWAY
RAIZE-INSTITUICAO DE PAGAMENTOS S.A.,PTRIZ0AM0009,Euronext Access Lisbon,Euronext Access,Portugal,MLRZE
RAMADA INVESTIMENTOS E INDUSTRIA S.A.,PTFRV0AE0004,Euronext Lisbon,Compartment B,Portugal,RAM1
RAMSAY GENERALE DE SANTE,FR0000044471,Euronext Paris,Compartment A,France,GDS
RANA GRUBER ASA,NO0010907389,Oslo Bors,Compartment B,Norway,RANA
RATTI,IT0004724107,Euronext Milan,Compartment C,Italy,RAT
RCS MEDIAGROUP,IT0004931496,Euronext Milan,Compartment B,Italy,RCS
REACH SUBSEA,NO0003117202,Oslo Bors,Compartment C,Norway,REACH
REALCO,BE0003841583,Euronext Access Brussels,Euronext Access,Belgium,REAL
REALITES,FR0011858190,Euronext Growth Paris,Euronext Growth,France,ALREA
REBIRTH ,IT0005460081,Euronext Growth Paris,Euronext Growth,Italy,ALREB
REC SILICON,NO0010112675,Oslo Bors,Compartment B,Norway,RECSI
RECTICEL,BE0003656676,Euronext Brussels,Compartment B,Belgium,RECT
REDELFI,IT0005496101,Euronext Growth Milan,Euronext Growth,Italy,RDF
REDFISH LONGTERM CAPITAL,IT0005549354,Euronext Growth Milan,Euronext Growth,Italy,RFLTC
REFUELS N.V.,NL0015001BF4,Euronext Growth Oslo,Euronext Growth,Netherlands,REFL
REIBEL,BE0003829463,Euronext Access Brussels,Euronext Access,Belgium,REI
REN,PTREL0AM0008,Euronext Lisbon,Compartment A,Portugal,RENE
RENOVALO,IT0005500571,Euronext Growth Milan,Euronext Growth,Italy,RNV
RES,IT0005543613,Euronext Growth Milan,Euronext Growth,Italy,RES
RETI,IT0005418204,Euronext Growth Milan,Euronext Growth,Italy,RETI
REVO INSURANCE,IT0005513202,Euronext Milan,Compartment B,Italy,REVOEUR
REWAY GROUP,IT0005528069,Euronext Growth Milan,Euronext Growth,Italy,RWY
REWORLD MEDIA,FR0010820274,Euronext Growth Paris,Euronext Growth,France,ALREW
RIBA MUNDO TECNOLOGIA,ES0105724001,Euronext Growth Milan,Euronext Growth,Spain,RMT
RIBER,FR0000075954,Euronext Growth Paris,Euronext Growth,France,RI7
RINO PETINO,IT0005663429 ,Euronext Growth Milan,Euronext Growth,Italy,
RISANAMENTO,IT0001402269,Euronext Milan,Compartment C,Italy,RN
RIVER TECH,MT0001710103,Euronext Growth Oslo,Euronext Growth,Malta,RIVER
ROBERTET,FR0000039091,Euronext Paris,Compartment A,France,RBT
ROCHE BOBOIS,FR0013344173,Euronext Paris,Compartment B,France,RBO
ROCKET SHARING COMPANY,IT0005481830,Euronext Growth Milan,Euronext Growth,Italy,RKT
ROCTOOL,FR0010523167,Euronext Growth Paris,Euronext Growth,France,ALROC
ROGALAND SPAREBANK,NO0006001007,Oslo Bors,Compartment B,Norway,ROGS
ROMERIKE SPAREBK,NO0010808405,Euronext Growth Oslo,Euronext Growth,Norway,ROMER
ROMSDAL SPAREBANK,NO0010759988,Euronext Growth Oslo,Euronext Growth,Norway,TINDE
ROSETTI MARINO,IT0001017851,Euronext Growth Milan,Euronext Growth,Italy,YRM
ROUGIER S.A.,FR0000037640,Euronext Growth Paris,Euronext Growth,France,ALRGR
ROULARTA,BE0003741551,Euronext Brussels,Compartment B,Belgium,ROU
S.D. STANDARD ETC PLC,CY0101550917,Oslo Bors,Compartment C,Cyprus,SDSD
S.M.A.I.O.,FR0014005I80,Euronext Growth Paris,Euronext Growth,France,ALSMA
S.S. LAZIO,IT0003621783,Euronext Milan,Compartment C,Italy,SSL
SABAF,IT0001042610,Euronext Milan,Compartment B,Italy,SM5
SACCHERIA F.LLI FRANCESCHETTI,IT0005521551,Euronext Growth Milan,Euronext Growth,Italy,SAC
SAFE,FR001400ZU25,Euronext Growth Paris,Euronext Growth,France,ALSAF
SAFILO GROUP,IT0004604762,Euronext Milan,Compartment B,Italy,S5U5
SAGA PURE,NO0010572589,Oslo Bors,Compartment C,Norway,SAGA
SAINT JEAN GROUPE,FR0000060121,Euronext Paris,Compartment C,France,SABE
SAIPEM,IT0005495657,Euronext Milan,Compartment A,Italy,SPM
SALMON EVOLUTION ASA,NO0010892094,Oslo Bors,Compartment B,Norway,SALME
SALVATORE FERRAGAMO,IT0004712375,Euronext Milan,Compartment A,Italy,SFER
SAMBA DIGITAL SGPS S.A.,PTDGL0AM0003,Euronext Growth Lisbon,Euronext Growth,Portugal,ALSMB
SAMSE,FR0000060071,Euronext Paris,Compartment B,France,SAMS
SANLORENZO,IT0003549422,Euronext Milan,Compartment A,Italy,SL
SAPMER,FR0010776617,Euronext Growth Paris,Euronext Growth,France,ALMER
SATS,NO0010863285,Oslo Bors,Compartment B,Norway,SATS
SAVENCIA S.A.,FR0000120107,Euronext Paris,Compartment B,France,SAVE
SAVONNERIE NYONS,FR0013155975,Euronext Access Paris,Euronext Access,France,MLSDN
SBE-VARVIT,IT0005568461,Euronext Growth Milan,Euronext Growth,Italy,VARV
SCANA,NO0003053308,Oslo Bors,Compartment C,Norway,SCANA
SCATEC ASA,NO0010715139,Oslo Bors,Compartment B,Norway,SCATC
SCEMI,FR0010972091,Euronext Access Paris,Euronext Access,France,MLCMI
SCIENTIA SCHOOL S.A.,ES0105592002,Euronext Access Paris,Euronext Access,Spain,MLSCI
SCIUKER FRAMES,IT0005340051,Euronext Growth Milan,Euronext Growth,Italy,SCK
SECHE ENVIRONNEM.,FR0000039109,Euronext Paris,Compartment B,France,SCHP
SECO,IT0005438046,Euronext Milan,Compartment B,Italy,IOT
SED ENERGY HOLDINGS PLC,CY0101162119,Oslo Bors,Compartment C,Cyprus,ENH
SELCODIS,FR0000065492,Euronext Paris,Compartment C,France,SLCO
SELVAAG BOLIG,NO0010612450,Oslo Bors,Compartment B,Norway,SBO
SEMAPA,PTSEM0AM0004,Euronext Lisbon,Compartment A,Portugal,SEM
SEMCO TECHNOLOGIES,FR0014010H01 ,Euronext Growth Paris,Euronext Growth,France,
SEMPLICEMENTE SpA,IT0005072811,Euronext Access Paris,Euronext Access,Italy,MLSMP
SENSORION,FR0012596468,Euronext Growth Paris,Euronext Growth,France,ALSEN
SEQUA PETROLEUM NV,NL0010623518,Euronext Access Paris,Euronext Access,Netherlands,MLSEQ
SEQUANA MEDICAL,BE0974340722,Euronext Brussels,Compartment C,Belgium,SEQUA
SERGEFERRARI GROUP,FR0011950682,Euronext Paris,Compartment C,France,SEFER
SERI INDUSTRIAL,IT0005283640,Euronext Milan,Compartment B,Italy,SERI
SESA,IT0004729759,Euronext Milan,Compartment A,Italy,SES
SG COMPANY,IT0005337172,Euronext Growth Milan,Euronext Growth,Italy,SGC
SHOWROOMPRIVE,FR0013006558,Euronext Paris,Compartment C,France,SRP
SIAV,IT0005504128,Euronext Growth Milan,Euronext Growth,Italy,SIAV
SICILY BY CAR,IT0005556581,Euronext Growth Milan,Euronext Growth,Italy,SBC
SIDETRADE,FR0010202606,Euronext Growth Paris,Euronext Growth,France,ALBFR
SIF HOLDING,NL0011660485,Euronext Amsterdam,Compartment B,Netherlands,SIFG
SIGNAUX GIROD,FR0000060790,Euronext Growth Paris,Euronext Growth,France,ALGIR
SIMONE,IT0005573123,Euronext Growth Milan,Euronext Growth,Italy,SMN
SIPEF,BE0003898187,Euronext Brussels,Compartment B,Belgium,SISAF
SIRIUS MEDIA,FR0010812230,Euronext Growth Paris,Euronext Growth,France,ALSRS
SIT,IT0005262149,Euronext Milan,Compartment C,Italy,SIT
SKANDIA GREENPOWER AS,NO0010931207,Euronext Growth Oslo,Euronext Growth,Norway,SKAND
SKUE SPAREBANK,NO0006001809,Oslo Bors,Compartment C,Norway,SKUE
Sligro Food Group N.V.,NL0000817179,Euronext Amsterdam,Compartment B,Netherlands,SLIGR
SMALTO,FR0011131788,Euronext Access Paris,Euronext Access,France,MLSML
SMART CAPITAL,IT0005621070,Euronext Growth Milan,Euronext Growth,Italy,SMCAP
SMART GOOD THINGS HOLDING SA,FR001400LBS6,Euronext Access Paris,Euronext Access,France,MLSGT
SMARTCRAFT ASA,NO0011008971,Oslo Bors,Compartment B,Norway,SMCRT
SMARTOPTICS GROUP AS,NO0011012502,Euronext Growth Oslo,Euronext Growth,Norway,SMOP
SMCP,FR0013214145,Euronext Paris,Compartment B,France,SMCP
SMTPC,FR0004016699,Euronext Growth Paris,Euronext Growth,France,ALTPC
SOC FRANC CASINOS,FR0010209809,Euronext Paris,Compartment C,France,SFCA
SOCIETA' EDITORIALE IL FATTO,IT0005353484,Euronext Growth Milan,Euronext Growth,Italy,SEIF
SODITECH ING.,FR0000078321,Euronext Paris,Compartment C,France,SEC
SOFTIMAT,BE0003773877,Euronext Growth Brussels,Euronext Growth,Belgium,SOFT
SOFTLAB,IT0001469953,Euronext Milan,Compartment C,Italy,OT3
SOFTOX SOLUTIONS,NO0010811961,Euronext Growth Oslo,Euronext Growth,Norway,SOFTX
SOGECLAIR,FR0000065864,Euronext Growth Paris,Euronext Growth,France,ALSOG
SOGEFI,IT0000076536,Euronext Milan,Compartment B,Italy,SGF
SOGES GROUP,IT0005597411,Euronext Growth Milan,Euronext Growth,Italy,SOGES
SOGN SPAREBANK,NO0006000603,Oslo Bors,Compartment C,Norway,SOGN
SOILTECH ASA,NO0010713571,Euronext Expand Oslo,Euronext Expand,Norway,STECH
SOL,IT0001206769,Euronext Milan,Compartment A,Italy,SOL
SOLID WORLD GROUP,IT0005497893,Euronext Growth Milan,Euronext Growth,Italy,S3D
SOLOCAL GROUP,FR001400SA10,Euronext Paris,Compartment C,France,LOCAL
SOLSTAD OFFSHORE,NO0003080608,Oslo Bors,Compartment B,Norway,SOFFUSD
SOLUTIONS 30 SE,FR0013379484,Euronext Paris,Compartment B,France,S30
SOLUTIONS CAPITAL MANAGEMENT SIM,IT0005200248,Euronext Growth Milan,Euronext Growth,Italy,SCM
SOMEC,IT0005329815,Euronext Milan,Compartment B,Italy,SOM
SONAE,PTSON0AM0001,Euronext Lisbon,Compartment A,Portugal,SON
"SONAECOM,SGPS",PTSNC0AM0006,Euronext Lisbon,Compartment B,Portugal,SNC
SONAGI,PTSNG0AM0007,Euronext Access Lisbon,Euronext Access,Portugal,SNG
SOSTRAVEL.COM,IT0005338675,Euronext Growth Milan,Euronext Growth,Italy,SOS
SPADEL,BE0003798155,Euronext Brussels,Compartment B,Belgium,SPA
SPARBNK 68 GR NORD,NO0010887110,Euronext Growth Oslo,Euronext Growth,Norway,SB68
SPAREBANK 1 SMN,NO0006390301,Oslo Bors,Compartment A,Norway,MING
SPAREBANKEN MØRE,NO0012483207,Oslo Bors,Compartment B,Norway,MORG
SPAREBANKEN ØST,NO0006222009,Oslo Bors,Compartment C,Norway,SPOG
SPAREBANKEN VEST,NO0006000900,Oslo Bors,Compartment A,Norway,SBNOR
SPARTOO,FR00140043Y1,Euronext Growth Paris,Euronext Growth,France,ALSPT
SPBK 1 NORDMØRE,NO0010691660,Oslo Bors,Compartment C,Norway,SNOR
SPBK 1 ØSTLANDET,NO0010751910,Oslo Bors,Compartment A,Norway,SPOL
SPBK1 HELGELAND,NO0010029804,Oslo Bors,Compartment B,Norway,HELG
SPBK1 NORD-NORGE,NO0006000801,Oslo Bors,Compartment B,Norway,NONG
SPBK1 ØSTFOLD AKER,NO0010285562,Oslo Bors,Compartment B,Norway,SOAG
SPBK1 RINGERIKE,NO0006390400,Oslo Bors,Compartment B,Norway,RING
SPEED RABBIT PIZZA,FR0000054371,Euronext Access Paris,Euronext Access,France,MLSRP
SPINDOX,IT0005449522,Euronext Growth Milan,Euronext Growth,Italy,SPN
SPINEGUARD,FR0011464452,Euronext Growth Paris,Euronext Growth,France,ALSGD
SPINEWAY,FR001400N2P2,Euronext Growth Paris,Euronext Growth,France,ALSPW
SPIR GROUP ASA,NO0012548819,Oslo Bors,Compartment C,Norway,SPIR
Sporting Clube de Braga,PTSCB0AM0001,Euronext Access Lisbon,Euronext Access,Portugal,SCB
Sporting Clube de Portugal,PTSCP0AM0001,Euronext Lisbon,Compartment C,Portugal,SCP
SPOTLIO AS,NO0010781560,Euronext Growth Oslo,Euronext Growth,Norway,SPOT
ST DUPONT,FR0000054199,Euronext Paris,Compartment C,France,DPT
STAINLESS TANKERS ASA,NO0012780958,Euronext Growth Oslo,Euronext Growth,Norway,STST
STANDARD SUPPLY AS,NO0013384651 ,Euronext Growth Oslo,Euronext Growth,Norway,
STAR7,IT0005466195,Euronext Growth Milan,Euronext Growth,Italy,STAR7
STEF,FR0000064271,Euronext Paris,Compartment A,France,STF
STIF,FR001400MDW2,Euronext Growth Paris,Euronext Growth,France,ALSTI
STRADIM,FR0000074775,Euronext Growth Paris,Euronext Growth,France,ALSAS
STREAMWIDE,FR0010528059,Euronext Growth Paris,Euronext Growth,France,ALSTW
STREIT MECANIQUE,FR0000063976,Euronext Access Paris,Euronext Access,France,MLSTR
STRONGPOINT,NO0010098247,Oslo Bors,Compartment C,Norway,STRO
SUBSEA 7,LU0075646355,Oslo Bors,Compartment A,Luxembourg,SOC
SVAS BIOSANA,IT0005469264,Euronext Growth Milan,Euronext Growth,Italy,SVS
SWORD GROUP,FR0004180578,Euronext Paris,Compartment B,France,SWP
SYNERGIE,FR0000032658,Euronext Paris,Compartment B,France,SDG
SYS-DAT,IT0005595423,Euronext Milan,Compartment C,Italy,SYS
TALEA GROUP,IT0005378333,Euronext Growth Milan,Euronext Growth,Italy,TALEA
TAMBURI,IT0003153621,Euronext Milan,Compartment A,Italy,TIP
TARKETT,FR0004188670,Euronext Paris,Compartment B,France,TKTT
TECHNOGYM,IT0005162406,Euronext Milan,Compartment A,Italy,TGYM
TECHNOPROBE,IT0005482333,Euronext Milan,Compartment A,Italy,TPRO
TECHSTEP,NO0012916131,Oslo Bors,Compartment C,Norway,TECH
TECMA SOLUTIONS,IT0005425050,Euronext Growth Milan,Euronext Growth,Italy,TCM
TECNO,IT0005658841,Euronext Growth Milan,Euronext Growth,Italy,TCG
"Teixeira Duarte, SA",PTTD10AM0000,Euronext Lisbon,Compartment C,Portugal,TDSA
TEKNA HOLDING ASA,NO0010951577,Oslo Bors,Compartment C,Norway,TEKNA
TELESIA,IT0005240046,Euronext Growth Milan,Euronext Growth,Italy,TLS
TELEVISTA,FR0011076595,Euronext Access Paris,Euronext Access,France,MLVST
TENAX INTERNATIONAL,IT0005428898,Euronext Growth Milan,Euronext Growth,Italy,TNX
TERACT S.A.,FR001400BMH7,Euronext Paris,Compartment B,France,TRACT
TESMEC,IT0004585243,Euronext Milan,Compartment C,Italy,TES
TESSELLIS,IT0005496473,Euronext Milan,Compartment C,Italy,TIQ
TESSENDERLO GROUP,BE0003555639,Euronext Brussels,Compartment A,Belgium,TESB
TEXAF,BE0974263924,Euronext Brussels,Compartment C,Belgium,TEXF
TF1,FR0000054900,Euronext Paris,Compartment A,France,TFI
TFF GROUP,FR0013295789,Euronext Paris,Compartment B,France,TFF
TGS ASA,NO0003078800,Oslo Bors,Compartment A,Norway,TGS
THE AZUR SELECTION S.A.,GRS528003007,Euronext Access Paris,Euronext Access,Greece,MLAZR
THE ITALIAN SEA GROUP,IT0005439085,Euronext Milan,Compartment B,Italy,TISG
THE KINGFISH COMPANY,NL00150001S5,Euronext Growth Oslo,Euronext Growth,Netherlands,KING
THEON INTERNATIONAL PLC,CY0200751713,Euronext Amsterdam,Compartment B,Cyprus,THEON
THERACLION,FR0010120402,Euronext Growth Paris,Euronext Growth,France,ALTHE
THERANEXUS,FR0013286259,Euronext Growth Paris,Euronext Growth,France,ALTHX
THERMADOR GROUPE,FR0013333432,Euronext Paris,Compartment B,France,THEP
THOR MEDICAL ASA,NO0010597883,Oslo Bors,Compartment C,Norway,TRMED
TINC,BE0974282148,Euronext Brussels,Compartment B,Belgium,TINC
TINEXTA,IT0005037210,Euronext Milan,Compartment B,Italy,TNXT
Titan N.V.,NL0010389508,Euronext Amsterdam,Compartment C,Netherlands,TJH7
TITAN S.A.,BE0974338700,Euronext Brussels,Compartment A,Belgium,TITC
TME PHARMA,NL0015000YE1,Euronext Growth Paris,Euronext Growth,Netherlands,ALTME
TMP GROUP,IT0005531238,Euronext Growth Milan,Euronext Growth,Italy,TMP
TOMTOM,NL0013332471,Euronext Amsterdam,Compartment B,Netherlands,OEMA
TONNER DRONES S.A.,FR001400H2X4,Euronext Growth Paris,Euronext Growth,France,ALTD
TOOSLA,FR00140062B9,Euronext Growth Paris,Euronext Growth,France,ALTOO
TOSCANA AEROPORTI,IT0000214293,Euronext Milan,Compartment B,Italy,TYA
TOUAX,FR0000033003,Euronext Growth Paris,Euronext Growth,France,ALTOU
Toyota Caetano,PTSCT0AP0018,Euronext Lisbon,Compartment B,Portugal,SCT
TPS,IT0005246142,Euronext Growth Milan,Euronext Growth,Italy,TPS
TRADELAB,IT0005651507 ,Euronext Growth Milan,Euronext Growth,Italy,
TRANSGENE,FR0005175080,Euronext Paris,Compartment C,France,TNG
TRANSITION EVERGREEN,FR0000035784,Euronext Paris,Compartment C,France,EGR
TRAWELL CO,IT0005378325,Euronext Growth Milan,Euronext Growth,Italy,TWL
TREASURE,NO0010763550,Oslo Bors,Compartment B,Norway,TRE
TRENDEVICE,IT0005422792,Euronext Growth Milan,Euronext Growth,Italy,TD
TREVI FIN IND,IT0005422768,Euronext Milan,Compartment C,Italy,TFIN
TRIBOO,IT0005001554,Euronext Milan,Compartment C,Italy,TB
TRILOGIQ,FR0010397901,Euronext Growth Paris,Euronext Growth,France,ALTRI
TROC ILE,FR0000031106,Euronext Access Paris,Euronext Access,France,MLTRO
TRØNDELAG SPBK,NO0010788268,Oslo Bors,Compartment C,Norway,TRSB
TRONIC'S MICROSYSTEMS,FR0004175099,Euronext Growth Paris,Euronext Growth,France,ALTRO
TXCOM,FR0010654087,Euronext Growth Paris,Euronext Growth,France,ALTXC
TXT E-SOLUTIONS,IT0001454435,Euronext Milan,Compartment B,Italy,TXE
TYSNES SPAREBANK,NO0010731615,Euronext Growth Oslo,Euronext Growth,Norway,TYSB
U10 CORP,FR0000079147,Euronext Growth Paris,Euronext Growth,France,ALU10
Ubaldi Costruzioni ,IT0005628158,Euronext Growth Milan,Euronext Growth,Italy,UBA
UBISOFT ENTERTAIN,FR0000054470,Euronext Paris,Compartment A,France,UBI
UCAPITAL24,IT0005380461,Euronext Growth Milan,Euronext Growth,Italy,U24
UCARE SERVICES Belgique,BE0003838555,Euronext Access Brussels,Euronext Access,Belgium,PNSB
ULISSE BIOMED,IT0005451213,Euronext Growth Milan,Euronext Growth,Italy,UBM
ULTIMOVACS,NO0010851603,Oslo Bors,Compartment B,Norway,
UMALIS GROUP,FR0011776889,Euronext Access Paris,Euronext Access,France,MLUMG
UNIDATA,IT0005573065,Euronext Milan,Compartment C,Italy,UD
UNION TECH.INFOR.,FR0000074197,Euronext Paris,Compartment C,France,FPG
UNIPHAR PLC,IE00BJ5FQX74,Euronext Growth Dublin,Euronext Growth,Ireland,UPR
UPERGY,FR0010337865,Euronext Growth Paris,Euronext Growth,France,ALUPG
UV GERMI,FR0011898584,Euronext Growth Paris,Euronext Growth,France,ALUVI
VAA VISTA ALEGRE,PTVAA0AM0019,Euronext Lisbon,Compartment C,Portugal,VAF
VALBIOTIS,FR0013254851,Euronext Growth Paris,Euronext Growth,France,ALVAL
VALERIO THERAPEUTICS,FR0010095596,Euronext Growth Paris,Euronext Growth,France,C4X
VALICA,IT0005562514,Euronext Growth Milan,Euronext Growth,Italy,VLC
VALNEVA SE,FR0004056851,Euronext Paris,Compartment B,France,VLA
VALSOIA,IT0001018362,Euronext Milan,Compartment C,Italy,VLS
VALTECNE,IT0005532525,Euronext Growth Milan,Euronext Growth,Italy,VLT
VALUE8,NL0010661864,Euronext Amsterdam,Compartment C,Netherlands,VALUE
VAN DE VELDE,BE0003839561,Euronext Brussels,Compartment B,Belgium,VAN
VANTEA SMART,IT0005433765,Euronext Growth Milan,Euronext Growth,Italy,VNT
VANTIVA S.A.,FR0013505062,Euronext Paris,Compartment C,France,TCH
VAZIVA SA,FR0014007T10,Euronext Growth Paris,Euronext Growth,France,ALVAZ
VEIDEKKE,NO0005806802,Oslo Bors,Compartment A,Norway,VEI
VENTE UNIQUE.COM,FR0010766667,Euronext Growth Paris,Euronext Growth,France,ALVU
VEOM Group,FR0013530102,Euronext Growth Paris,Euronext Growth,France,ALVG
VERGNET,FR001400JXA2,Euronext Growth Paris,Euronext Growth,France,ALVER
VERIMATRIX,FR0010291245,Euronext Paris,Compartment C,France,VMX
VERNEY CARRON,FR0006174496,Euronext Access Paris,Euronext Access,France,MLVER
VERSITY,FR0014003I41,Euronext Access Paris,Euronext Access,France,MLVSY
VETOQUINOL,FR0004186856,Euronext Paris,Compartment A,France,VETO
VGP,BE0003878957,Euronext Brussels,Compartment A,Belgium,VGP
VIALIFE,FR0010326090,Euronext Growth Paris,Euronext Growth,France,ALVIA
VICAT,FR0000031775,Euronext Paris,Compartment A,France,VCT
VIEL ET COMPAGNIE,FR0000050049,Euronext Paris,Compartment B,France,VIL
VIMI FASTENERS,IT0004717200,Euronext Growth Milan,Euronext Growth,Italy,VIM
VINEXT,IT0005652414 ,Euronext Growth Milan,Euronext Growth,Italy,
VINPAI S.A.,FR001400AXT1,Euronext Growth Paris,Euronext Growth,France,ALVIN
VIOHALCO,BE0974271034,Euronext Brussels,Compartment A,Belgium,VIO
VIRBAC,FR0000031577,Euronext Paris,Compartment A,France,VIRP
VIRIDIEN,FR001400PVN6,Euronext Paris,Compartment B,France,VIRI
VIRTUALWARE,ES0105704003,Euronext Growth Paris,Euronext Growth,Spain,ALVIR
VISIBILIA EDITORE,IT0005433732,Euronext Growth Milan,Euronext Growth,Italy,VE
VISTIN PHARMA,NO0010734122,Oslo Bors,Compartment C,Norway,VISTN
VIVENDA GROUP,IT0005622581,Euronext Growth Milan,Euronext Growth,Italy,VVG
VIVORYON THERAPEUTICS N.V.,NL00150002Q7,Euronext Amsterdam,Compartment B,Netherlands,VVY
VNE,IT0005556110,Euronext Growth Milan,Euronext Growth,Italy,VNE
VOGO,FR0011532225,Euronext Growth Paris,Euronext Growth,France,ALVGO
VOLTALIA,FR0011995588,Euronext Paris,Compartment A,France,VLTSA
VOSS VEKSEL- OG LANDMANDSBANK,NO0003025009,Oslo Bors,Compartment C,Norway,VVL
VOW,NO0010708068,Oslo Bors,Compartment C,Norway,VOW
VOYAGEURS DU MONDE,FR0004045847,Euronext Growth Paris,Euronext Growth,France,ALVDM
VRANKEN-POMMERY,FR0000062796,Euronext Paris,Compartment C,France,VRPMF
VusionGroup,FR0010282822,Euronext Paris,Compartment A,France,VU
WAGA ENERGY,FR0012532810,Euronext Paris,Compartment B,France,WAGA
WALLIX,FR0010131409,Euronext Growth Paris,Euronext Growth,France,ALLIX
WAVESTONE,FR0013357621,Euronext Paris,Compartment A,France,WAVE
WE.CONNECT,FR0013079092,Euronext Growth Paris,Euronext Growth,France,ALWEC
WEACCESS GROUP,FR0010688465,Euronext Access Paris,Euronext Access,France,MLWEA
WEBSOLUTE,IT0005384901,Euronext Growth Milan,Euronext Growth,Italy,WBS
WEBSTEP,NO0010609662,Oslo Bors,Compartment C,Norway,WSTEP
WEBUILD,IT0003865570,Euronext Milan,Compartment A,Italy,WBD
WESTERN BULK CHARTERING AS,NO0010768096,Euronext Growth Oslo,Euronext Growth,Norway,WEST
WEYA,FR0010768770,Euronext Access Paris,Euronext Access,France,MLWEY
WHAT'S COOKING GROUP,BE0003573814,Euronext Brussels,Compartment C,Belgium,WHATS
WHITESTONE GROUP,BE0974401334,Euronext Growth Brussels,Euronext Growth,Belgium,ROCK
WIIT,IT0005440893,Euronext Milan,Compartment B,Italy,WIIT
WILH. WILHELMSEN HOLDING SER. A,NO0010571698,Oslo Bors,Compartment A,Norway,WWI
WINFARM,FR0014000P11,Euronext Growth Paris,Euronext Growth,France,ALWF
WITBE,FR0013143872,Euronext Growth Paris,Euronext Growth,France,ALWIT
XENIA HOTELLERIE SOLUTION,IT0005568487,Euronext Growth Milan,Euronext Growth,Italy,XHS
X-FAB SILICON FOUNDRIES SE,BE0974310428,Euronext Paris,Compartment A,Belgium,XFAB
XILAM ANIMATION,FR0004034072,Euronext Paris,Compartment C,France,XIH
XPLORA TECHNOLOGIES,NO0010895782,Euronext Growth Oslo,Euronext Growth,Norway,XPLRA
YAKKYO,IT0005573966,Euronext Growth Milan,Euronext Growth,Italy,YKY
YOLO GROUP,IT0005495871,Euronext Growth Milan,Euronext Growth,Italy,YOLO
YOUNITED FINANCIAL,LU2999653251,Euronext Paris,Compartment B,Luxembourg,YOUNI
ZALARIS,NO0010708910,Oslo Bors,Compartment C,Norway,ZAL
ZAPTEC ASA,NO0010713936,Oslo Bors,Compartment B,Norway,ZAP
ZELLUNA,NO0013524942 ,Oslo Bors,Compartment C,Norway,
ZEST,IT0005013013,Euronext Milan,Compartment C,Italy,ZEST
ZIGNAGO VETRO,IT0004171440,Euronext Milan,Compartment A,Italy,ZV
ZUCCHI,IT0005395071,Euronext Milan,Compartment C,Italy,ZUC
